-- phpMyAdmin SQL Dump
-- version 4.8.0
-- https://www.phpmyadmin.net/
--
-- Host: 127.0.0.1
-- Generation Time: Oct 31, 2018 at 12:13 AM
-- Server version: 10.1.31-MariaDB
-- PHP Version: 7.1.16

SET SQL_MODE = "NO_AUTO_VALUE_ON_ZERO";
SET AUTOCOMMIT = 0;
START TRANSACTION;
SET time_zone = "+00:00";


/*!40101 SET @OLD_CHARACTER_SET_CLIENT=@@CHARACTER_SET_CLIENT */;
/*!40101 SET @OLD_CHARACTER_SET_RESULTS=@@CHARACTER_SET_RESULTS */;
/*!40101 SET @OLD_COLLATION_CONNECTION=@@COLLATION_CONNECTION */;
/*!40101 SET NAMES utf8mb4 */;

--
-- Database: `restfulapi`
--

-- --------------------------------------------------------

--
-- Table structure for table `migrations`
--

CREATE TABLE `migrations` (
  `id` int(10) UNSIGNED NOT NULL,
  `migration` varchar(191) COLLATE utf8mb4_unicode_ci NOT NULL,
  `batch` int(11) NOT NULL
) ENGINE=InnoDB DEFAULT CHARSET=utf8mb4 COLLATE=utf8mb4_unicode_ci;

--
-- Dumping data for table `migrations`
--

INSERT INTO `migrations` (`id`, `migration`, `batch`) VALUES
(1, '2014_10_12_000000_create_users_table', 1),
(2, '2014_10_12_100000_create_password_resets_table', 1),
(3, '2018_10_30_223905_create_products_table', 1),
(4, '2018_10_30_223926_create_reviews_table', 1);

-- --------------------------------------------------------

--
-- Table structure for table `password_resets`
--

CREATE TABLE `password_resets` (
  `email` varchar(191) COLLATE utf8mb4_unicode_ci NOT NULL,
  `token` varchar(191) COLLATE utf8mb4_unicode_ci NOT NULL,
  `created_at` timestamp NULL DEFAULT NULL
) ENGINE=InnoDB DEFAULT CHARSET=utf8mb4 COLLATE=utf8mb4_unicode_ci;

-- --------------------------------------------------------

--
-- Table structure for table `products`
--

CREATE TABLE `products` (
  `id` int(10) UNSIGNED NOT NULL,
  `name` varchar(191) COLLATE utf8mb4_unicode_ci NOT NULL,
  `detail` text COLLATE utf8mb4_unicode_ci NOT NULL,
  `price` int(11) NOT NULL,
  `stock` int(11) NOT NULL,
  `discount` int(11) NOT NULL,
  `created_at` timestamp NULL DEFAULT NULL,
  `updated_at` timestamp NULL DEFAULT NULL
) ENGINE=InnoDB DEFAULT CHARSET=utf8mb4 COLLATE=utf8mb4_unicode_ci;

--
-- Dumping data for table `products`
--

INSERT INTO `products` (`id`, `name`, `detail`, `price`, `stock`, `discount`, `created_at`, `updated_at`) VALUES
(1, 'consequatur', 'Rerum in culpa et numquam in. Aut unde eaque esse. Quis officiis ut laborum dolor placeat officia. Ut accusamus molestiae libero.', 851, 6, 16, '2018-10-31 06:09:45', '2018-10-31 06:09:45'),
(2, 'voluptatem', 'Quis et tempore reiciendis perspiciatis molestiae esse incidunt. Repellat odio dolorem magni et voluptatem aut. Sit reprehenderit nihil enim ab dolore sint quaerat.', 762, 2, 17, '2018-10-31 06:09:45', '2018-10-31 06:09:45'),
(3, 'autem', 'Omnis porro et aut consequatur minima. Nobis deserunt aut quaerat fugiat. Et mollitia velit deleniti similique saepe et qui consequatur. Et totam nobis eum modi aut architecto.', 353, 2, 29, '2018-10-31 06:09:45', '2018-10-31 06:09:45'),
(4, 'ipsum', 'Molestiae nihil iusto consequatur consectetur dolor ut ratione. Nisi incidunt dicta consequuntur minus aperiam. Libero laborum laborum iusto fuga.', 415, 6, 26, '2018-10-31 06:09:45', '2018-10-31 06:09:45'),
(5, 'at', 'Quia quae sunt molestiae corrupti. Et odit perferendis quidem vel ut quibusdam dolores. Laudantium vel ullam nihil a dolores repudiandae voluptatem. Excepturi alias in exercitationem autem aut. Animi at consequuntur doloremque fugiat eligendi.', 359, 4, 25, '2018-10-31 06:09:46', '2018-10-31 06:09:46'),
(6, 'iste', 'Nihil aut cum quo sapiente. Et ex commodi officia quibusdam enim. Qui dolorem iusto rerum qui repudiandae non perspiciatis.', 680, 5, 28, '2018-10-31 06:09:46', '2018-10-31 06:09:46'),
(7, 'fuga', 'Velit excepturi vero corrupti consequatur. Repellendus voluptates dolorem suscipit ut possimus. Autem ipsa qui et rerum reiciendis quod. Facere minima commodi repellendus amet saepe hic voluptas temporibus.', 499, 1, 18, '2018-10-31 06:09:46', '2018-10-31 06:09:46'),
(8, 'molestias', 'Amet odit cum ut voluptatem odio provident consequatur. Alias eos ut ut et eos cum nisi. Accusantium est delectus soluta tempore. Cum rerum nesciunt labore.', 354, 3, 7, '2018-10-31 06:09:46', '2018-10-31 06:09:46'),
(9, 'amet', 'A porro fugiat omnis deserunt. Tempore eveniet ut omnis nemo neque. Ad praesentium exercitationem saepe dolore numquam delectus id numquam. Nemo consequatur possimus ex reprehenderit recusandae.', 381, 9, 20, '2018-10-31 06:09:46', '2018-10-31 06:09:46'),
(10, 'cupiditate', 'Minima fuga similique illo est velit necessitatibus. Voluptas ipsa eligendi ut quis. Eos ipsum ab similique dolorem molestiae iure.', 146, 9, 18, '2018-10-31 06:09:46', '2018-10-31 06:09:46'),
(11, 'voluptatem', 'Quos cumque voluptate et. Aut quo quis reprehenderit. Sunt ut eaque deserunt magni autem eos.', 342, 3, 24, '2018-10-31 06:09:46', '2018-10-31 06:09:46'),
(12, 'asperiores', 'Placeat et reiciendis aut et. Ut hic aut fugit sit. Quibusdam qui et recusandae id autem non.', 622, 4, 11, '2018-10-31 06:09:46', '2018-10-31 06:09:46'),
(13, 'tempora', 'Vel sed consequatur expedita et. Quos ducimus est perferendis illum. Ratione qui odio id voluptates rerum vel.', 818, 7, 17, '2018-10-31 06:09:46', '2018-10-31 06:09:46'),
(14, 'sed', 'Omnis et inventore repellat reiciendis blanditiis illum. Consequatur iure esse quibusdam provident aut. Maxime id nisi qui a ipsam temporibus. Voluptatum suscipit quia dicta fugit.', 173, 8, 6, '2018-10-31 06:09:46', '2018-10-31 06:09:46'),
(15, 'asperiores', 'Sint quo aut saepe minima ut. Officia inventore facere dolores deleniti tempora facilis ut.', 180, 5, 14, '2018-10-31 06:09:46', '2018-10-31 06:09:46'),
(16, 'voluptatem', 'Quas at laboriosam quaerat est ipsam eaque. Laudantium at praesentium sequi et earum. Sed sed suscipit veniam et explicabo impedit alias id.', 234, 5, 15, '2018-10-31 06:09:46', '2018-10-31 06:09:46'),
(17, 'repudiandae', 'Quis non illum enim quae ullam. Aut dignissimos iure ratione. Voluptates modi et odio iure sunt earum cum facere.', 705, 4, 17, '2018-10-31 06:09:46', '2018-10-31 06:09:46'),
(18, 'odio', 'Ut repudiandae velit voluptas possimus et et et et. Eos dolorum consequuntur quas id et. Non enim est suscipit earum reiciendis delectus. Necessitatibus illo cumque molestiae qui voluptas voluptatem voluptas. Nulla quas et at aperiam maiores.', 678, 6, 2, '2018-10-31 06:09:46', '2018-10-31 06:09:46'),
(19, 'dolore', 'Quas qui consequuntur molestiae velit omnis dolor amet. Eius nulla enim eum tempora.', 274, 8, 26, '2018-10-31 06:09:46', '2018-10-31 06:09:46'),
(20, 'sit', 'Possimus voluptate ut delectus aut aut quos vitae. Tempore debitis dolores quos quo iste et omnis.', 526, 2, 26, '2018-10-31 06:09:46', '2018-10-31 06:09:46'),
(21, 'occaecati', 'Corrupti in dolor a asperiores. Qui consequatur natus eius sunt.', 542, 4, 29, '2018-10-31 06:09:46', '2018-10-31 06:09:46'),
(22, 'molestiae', 'Est delectus asperiores iste corrupti. Quia iusto nihil ut delectus dolorum consequuntur dolor. Iste explicabo quos assumenda nemo. Et eligendi tempora eveniet provident animi dolorem.', 395, 6, 29, '2018-10-31 06:09:46', '2018-10-31 06:09:46'),
(23, 'nisi', 'Illum omnis nobis ad non ipsum id numquam. Et et facilis autem necessitatibus inventore at sunt. Neque eaque maxime commodi rerum. Reiciendis minus quia temporibus quaerat sapiente vel velit.', 268, 0, 10, '2018-10-31 06:09:46', '2018-10-31 06:09:46'),
(24, 'est', 'Tenetur consequatur sint aut quia. Perferendis quia velit ut a.', 415, 7, 10, '2018-10-31 06:09:46', '2018-10-31 06:09:46'),
(25, 'pariatur', 'Earum doloremque quis ea praesentium. Minima voluptatem velit voluptas omnis quibusdam earum commodi.', 754, 4, 6, '2018-10-31 06:09:46', '2018-10-31 06:09:46'),
(26, 'aut', 'Aut magni eius vel. At repellendus ducimus enim. Harum quibusdam qui qui. Iusto a non laboriosam impedit et enim sunt molestiae.', 877, 4, 22, '2018-10-31 06:09:46', '2018-10-31 06:09:46'),
(27, 'sint', 'Et ex repellat sed et qui vitae quos. Minus eum quis cupiditate porro et aliquid provident. Aut cupiditate rerum suscipit saepe. Fuga in pariatur ut vel nihil officia harum vel.', 513, 7, 3, '2018-10-31 06:09:47', '2018-10-31 06:09:47'),
(28, 'nesciunt', 'Ratione deleniti in dignissimos quas dolor minima. Perspiciatis aut est autem fugit sit qui. Officiis ratione autem ut quia.', 926, 2, 26, '2018-10-31 06:09:47', '2018-10-31 06:09:47'),
(29, 'non', 'Quod labore recusandae dolor dignissimos distinctio. Non autem labore illo voluptate aut quia labore. Vitae magnam voluptas quae. Laborum doloribus culpa sit qui dolor unde. Nemo saepe dolorem iure vel unde vitae dolor.', 356, 1, 19, '2018-10-31 06:09:47', '2018-10-31 06:09:47'),
(30, 'non', 'Dolore harum repellat est delectus consequatur qui. Molestiae architecto aut optio necessitatibus esse. Est voluptatem sed ducimus ipsam quia libero.', 619, 0, 11, '2018-10-31 06:09:47', '2018-10-31 06:09:47'),
(31, 'aperiam', 'Voluptatem earum laboriosam non qui dignissimos praesentium. Veniam atque velit ipsa esse non nisi dignissimos similique. Ratione voluptatum possimus id ut distinctio sint iusto.', 882, 2, 20, '2018-10-31 06:09:47', '2018-10-31 06:09:47'),
(32, 'veritatis', 'Aliquid nam et quas illum non odit voluptates minus. Quo sit iste architecto dolore. Hic dolor voluptas est veritatis explicabo vitae sed. Expedita totam saepe sunt commodi voluptas corrupti ex.', 224, 7, 10, '2018-10-31 06:09:47', '2018-10-31 06:09:47'),
(33, 'ratione', 'Eveniet et officia fuga omnis. Occaecati illum aut dicta laudantium et unde veritatis. Qui veniam voluptatem tenetur debitis. Autem optio distinctio maiores corporis. A occaecati earum rerum.', 455, 8, 8, '2018-10-31 06:09:47', '2018-10-31 06:09:47'),
(34, 'deserunt', 'Consequuntur ea deserunt quos blanditiis natus consequatur ea quo. Pariatur excepturi numquam quasi sint commodi quam. Ut voluptatem assumenda ab maiores dolorem est. Aliquid suscipit quibusdam et. Est maxime odio a et sed.', 255, 7, 24, '2018-10-31 06:09:47', '2018-10-31 06:09:47'),
(35, 'eius', 'Dolores est facere facilis explicabo dicta animi ex. Placeat explicabo omnis laudantium atque. Sint dignissimos aut aperiam asperiores optio tempora. Voluptatem magni quasi consequatur aperiam voluptate et.', 250, 8, 26, '2018-10-31 06:09:47', '2018-10-31 06:09:47'),
(36, 'magni', 'Aliquid cumque neque molestias laudantium consequatur omnis placeat. Soluta eius praesentium voluptas. Est et ullam magni quos tempora quo. Velit non deserunt omnis veritatis. Nulla unde cumque sapiente dolorem officia est et enim.', 674, 1, 12, '2018-10-31 06:09:47', '2018-10-31 06:09:47'),
(37, 'sint', 'Et quia ut modi veritatis reiciendis expedita. Et ipsam ad ex. Ut omnis minus maiores voluptatem iure veniam et. Eos laborum ducimus ad aliquid sequi quaerat culpa.', 229, 5, 9, '2018-10-31 06:09:47', '2018-10-31 06:09:47'),
(38, 'dignissimos', 'Autem velit ea cupiditate voluptatibus. Ipsam nam cum et magnam temporibus. Sapiente eum impedit ad magnam. Architecto unde animi ut qui doloribus rem. Culpa cum facere nisi nisi esse quia.', 118, 4, 14, '2018-10-31 06:09:47', '2018-10-31 06:09:47'),
(39, 'dolores', 'Id eum nemo nesciunt necessitatibus est esse. Rerum sapiente laudantium rerum aut sapiente. Harum beatae vel voluptas minus doloribus consectetur nobis. Dolor distinctio dolorum veniam atque iusto laborum et.', 448, 2, 24, '2018-10-31 06:09:47', '2018-10-31 06:09:47'),
(40, 'architecto', 'Voluptatum magni et veniam accusamus minima. Consequatur sunt dolores exercitationem placeat temporibus maiores rerum. Omnis est sunt aut et inventore aut necessitatibus. Voluptas molestiae et aliquid voluptas cum.', 451, 1, 4, '2018-10-31 06:09:47', '2018-10-31 06:09:47'),
(41, 'quisquam', 'Eaque tenetur et tenetur. Ex laborum ea aut nihil ut vitae. Sit magnam eos voluptatem quia exercitationem. Corrupti ea tempore accusamus aliquam ipsa aliquam. Commodi consequatur sed ducimus deserunt qui nulla aut sed.', 104, 1, 20, '2018-10-31 06:09:47', '2018-10-31 06:09:47'),
(42, 'quam', 'Ipsam voluptatem consequuntur sunt. Earum quisquam dolorem exercitationem perspiciatis. Rerum dignissimos nihil et.', 367, 7, 18, '2018-10-31 06:09:47', '2018-10-31 06:09:47'),
(43, 'iste', 'Unde repudiandae exercitationem totam eum veritatis ratione. Est consequatur hic a quas voluptatum nemo.', 555, 7, 18, '2018-10-31 06:09:47', '2018-10-31 06:09:47'),
(44, 'omnis', 'Alias nesciunt ut repellendus nisi dicta. Dicta voluptatem dolorum qui eum eos facere. Aut cumque sunt ab explicabo facere. Eos delectus eligendi culpa nesciunt debitis voluptatem commodi dolor.', 706, 8, 28, '2018-10-31 06:09:47', '2018-10-31 06:09:47'),
(45, 'autem', 'Vel quae tenetur accusamus. Id delectus molestiae debitis accusamus et veritatis. Et ut voluptates vitae quidem.', 328, 2, 12, '2018-10-31 06:09:47', '2018-10-31 06:09:47'),
(46, 'distinctio', 'Aut sequi dolore eaque adipisci. Sed accusamus et fugiat itaque nihil eum saepe. Earum aut deleniti suscipit tenetur.', 388, 5, 29, '2018-10-31 06:09:47', '2018-10-31 06:09:47'),
(47, 'ea', 'Voluptatem est rerum maiores dolores. Ipsa tempore nostrum pariatur. Odio ipsam ut corrupti qui adipisci quia. Iste laudantium eligendi quia eius aut eligendi laborum.', 425, 4, 26, '2018-10-31 06:09:47', '2018-10-31 06:09:47'),
(48, 'fugiat', 'Aliquid mollitia odit voluptatum rerum. Aut rerum quia aut. Sunt culpa tenetur magni sit.', 321, 9, 24, '2018-10-31 06:09:47', '2018-10-31 06:09:47'),
(49, 'quidem', 'Nemo placeat quidem culpa omnis expedita doloremque et. Numquam ducimus voluptatem provident dignissimos.', 697, 9, 5, '2018-10-31 06:09:47', '2018-10-31 06:09:47'),
(50, 'esse', 'Aut ut quis sint rerum dolorem repellat. Laborum animi dolor eaque enim.', 783, 1, 12, '2018-10-31 06:09:47', '2018-10-31 06:09:47');

-- --------------------------------------------------------

--
-- Table structure for table `reviews`
--

CREATE TABLE `reviews` (
  `id` int(10) UNSIGNED NOT NULL,
  `product_id` int(10) UNSIGNED NOT NULL,
  `customer` varchar(191) COLLATE utf8mb4_unicode_ci NOT NULL,
  `review` text COLLATE utf8mb4_unicode_ci NOT NULL,
  `star` int(11) NOT NULL,
  `created_at` timestamp NULL DEFAULT NULL,
  `updated_at` timestamp NULL DEFAULT NULL
) ENGINE=InnoDB DEFAULT CHARSET=utf8mb4 COLLATE=utf8mb4_unicode_ci;

--
-- Dumping data for table `reviews`
--

INSERT INTO `reviews` (`id`, `product_id`, `customer`, `review`, `star`, `created_at`, `updated_at`) VALUES
(1, 23, 'Brooke Walker', 'Ea dolores a sunt. Culpa et a consequatur aut natus molestiae labore. Et veritatis dolorum laboriosam ratione.', 0, '2018-10-31 06:09:48', '2018-10-31 06:09:48'),
(2, 6, 'Alysa Mueller', 'Laborum est optio iste ratione eveniet dolores ea culpa. In beatae vero aut cumque rerum qui et saepe. Est ducimus vitae quis delectus rerum fugiat veritatis qui. Voluptates quasi qui nobis voluptate.', 0, '2018-10-31 06:09:48', '2018-10-31 06:09:48'),
(3, 31, 'Rodolfo Ullrich', 'Minus dicta quo rem ea amet veniam. Iusto sapiente quae quia reprehenderit sed. Consequatur labore est minima at. Dolorem necessitatibus sunt non pariatur officiis voluptatem quas. Ut nihil et tempore praesentium accusamus unde voluptatem odit.', 5, '2018-10-31 06:09:48', '2018-10-31 06:09:48'),
(4, 18, 'Marley Torp V', 'Quas itaque suscipit sequi quaerat aperiam est. Magni atque iste modi. Reprehenderit possimus error sit molestias reprehenderit voluptatem.', 2, '2018-10-31 06:09:48', '2018-10-31 06:09:48'),
(5, 17, 'Prof. Renee Nikolaus DDS', 'Incidunt ad cumque quia repellendus ex dolorem omnis. Voluptatem qui eum sit placeat. Quis dolorem magnam sit alias ipsam quidem quo. Ut voluptatibus et amet minima fuga maiores.', 1, '2018-10-31 06:09:48', '2018-10-31 06:09:48'),
(6, 45, 'Margarett Hermann', 'Eligendi sapiente necessitatibus ipsa dolores et qui ad. Quia qui sit molestiae eveniet sed architecto. Voluptatem maxime impedit dolores rerum numquam et quibusdam.', 0, '2018-10-31 06:09:48', '2018-10-31 06:09:48'),
(7, 36, 'Jarrod Windler', 'Nulla expedita sed facere quia in exercitationem. Atque distinctio et at.', 5, '2018-10-31 06:09:48', '2018-10-31 06:09:48'),
(8, 11, 'Mr. Sigrid Swift', 'Dolor corrupti et eaque vero eum. Officia dolores est ullam incidunt veniam eaque aut. Reiciendis voluptatibus sit quibusdam error mollitia perspiciatis. Quia error quidem repellat soluta quisquam ab odio.', 2, '2018-10-31 06:09:48', '2018-10-31 06:09:48'),
(9, 12, 'Bernie Hintz', 'Aspernatur aperiam id consequatur qui et provident quia. Dolore accusantium molestiae velit tempore mollitia dolorem. Quisquam expedita suscipit aperiam nisi assumenda est. Adipisci unde qui ipsum aperiam voluptatibus modi.', 1, '2018-10-31 06:09:48', '2018-10-31 06:09:48'),
(10, 17, 'Lexi Pagac', 'Natus itaque dolores ipsum odio. Deserunt quasi porro ipsam et ut harum. Sit voluptatibus iure pariatur aut sint deleniti iure.', 5, '2018-10-31 06:09:48', '2018-10-31 06:09:48'),
(11, 4, 'Ana Hirthe', 'Quia sit et cum voluptas. Rerum laboriosam nesciunt esse exercitationem est. Culpa excepturi quis soluta omnis corrupti exercitationem. Repudiandae et exercitationem inventore eum nostrum voluptas voluptatem.', 3, '2018-10-31 06:09:48', '2018-10-31 06:09:48'),
(12, 18, 'Makenna Quitzon', 'Sunt dolor officiis qui vero. Accusantium veritatis quaerat nostrum rerum non consequatur. Autem molestiae ut accusamus reprehenderit iste ipsum.', 2, '2018-10-31 06:09:49', '2018-10-31 06:09:49'),
(13, 16, 'Aurore Morar', 'Dolores dolorum laudantium nisi et enim quibusdam. Provident est necessitatibus impedit. Ducimus nostrum sint consequuntur eligendi nostrum excepturi et.', 4, '2018-10-31 06:09:49', '2018-10-31 06:09:49'),
(14, 27, 'Trudie Quigley', 'Aperiam eum iure voluptates suscipit est aut eos et. Sunt omnis provident enim autem dolorem. Harum non odio magni et ipsum est. Cumque sit dolorem vel quia hic ullam illo impedit.', 2, '2018-10-31 06:09:49', '2018-10-31 06:09:49'),
(15, 7, 'Prof. Francisco O\'Keefe', 'Nam et saepe accusamus voluptas aut. Esse beatae pariatur illo placeat rem iusto at qui. Et rerum cum id numquam deleniti consequatur minus voluptatibus.', 4, '2018-10-31 06:09:49', '2018-10-31 06:09:49'),
(16, 34, 'Maci Terry III', 'Optio vel maxime est. Recusandae qui est temporibus quam dolore non ut. At voluptatibus voluptatem necessitatibus omnis et sint.', 3, '2018-10-31 06:09:49', '2018-10-31 06:09:49'),
(17, 29, 'Minerva Metz IV', 'Cupiditate assumenda saepe est quas. Itaque inventore pariatur in a sunt assumenda eos. Quo consequuntur facere maxime illum ducimus vitae rerum. Id odit quod ipsam rem similique quia.', 0, '2018-10-31 06:09:49', '2018-10-31 06:09:49'),
(18, 30, 'Quinn Wilderman', 'Delectus eveniet et laborum magnam itaque rem. Architecto excepturi repellendus numquam iusto. Laboriosam dolor qui non facere.', 5, '2018-10-31 06:09:49', '2018-10-31 06:09:49'),
(19, 23, 'Juliet Nitzsche', 'Molestiae consequatur fuga esse aspernatur delectus molestiae fugiat. Quo voluptas similique quas est illum aut reprehenderit. Quo accusantium reprehenderit doloribus rem qui assumenda magni. Non ex et cupiditate.', 2, '2018-10-31 06:09:49', '2018-10-31 06:09:49'),
(20, 10, 'Jalen Kuvalis DDS', 'Enim in consectetur consequatur quo dolore impedit voluptas. Quam amet repellendus porro et. Expedita perspiciatis animi quia voluptate.', 2, '2018-10-31 06:09:49', '2018-10-31 06:09:49'),
(21, 43, 'Anita Krajcik', 'Fugiat commodi nesciunt animi consequatur asperiores facilis. Debitis mollitia consequatur officiis ratione porro qui. Minima est occaecati temporibus magni a corrupti vero.', 3, '2018-10-31 06:09:49', '2018-10-31 06:09:49'),
(22, 3, 'Minerva Schiller', 'Tempora explicabo deleniti laborum. Itaque consequatur nostrum ut corporis est corporis libero. Ut ut modi et ut eos. Cumque dolorum excepturi veritatis dolorem voluptatem debitis.', 2, '2018-10-31 06:09:49', '2018-10-31 06:09:49'),
(23, 22, 'Nya Gutkowski', 'Ducimus aut quod aliquid architecto vero. In ut eveniet itaque voluptas asperiores.', 2, '2018-10-31 06:09:49', '2018-10-31 06:09:49'),
(24, 15, 'Arlene Prosacco', 'Autem eos illum atque possimus ex. Quae sit dolorum temporibus quasi. Quidem necessitatibus quis debitis consequuntur veniam ipsam. Aut dicta ut ea aliquid eum distinctio quas.', 2, '2018-10-31 06:09:49', '2018-10-31 06:09:49'),
(25, 18, 'Ray Torp III', 'Eius rerum similique enim facilis nostrum magni enim. Est corporis molestiae illum qui nam placeat aut. Doloribus deserunt et sint et quasi.', 1, '2018-10-31 06:09:49', '2018-10-31 06:09:49'),
(26, 6, 'Mrs. Bette Stiedemann', 'Consequatur est nam at velit nihil quasi assumenda. Eum eaque libero necessitatibus nihil. Distinctio aliquam quas perspiciatis et. Accusamus fugiat explicabo ut sed voluptatibus.', 5, '2018-10-31 06:09:49', '2018-10-31 06:09:49'),
(27, 31, 'Mr. Judson Frami II', 'Nobis nemo dignissimos et. Ut enim culpa vel aut. Ullam magni consequatur ducimus quia ducimus corporis unde.', 0, '2018-10-31 06:09:49', '2018-10-31 06:09:49'),
(28, 1, 'Christiana Lueilwitz', 'Adipisci quia quis exercitationem. Tenetur necessitatibus repellat autem explicabo doloribus.', 0, '2018-10-31 06:09:49', '2018-10-31 06:09:49'),
(29, 5, 'Mrs. Heloise Carroll V', 'Ab aliquam deserunt sed facilis laboriosam culpa. Id eum molestiae ut. Quos dolores voluptatibus voluptas itaque velit et eos similique.', 3, '2018-10-31 06:09:49', '2018-10-31 06:09:49'),
(30, 48, 'Cole Olson', 'Eaque dicta quidem sit repellat non. Enim doloremque eos exercitationem atque. Quia quis placeat fugit et enim. Laudantium molestias excepturi sunt quisquam et.', 3, '2018-10-31 06:09:49', '2018-10-31 06:09:49'),
(31, 30, 'Sarah Kilback I', 'Quia ea pariatur qui quasi asperiores magni deserunt. Est ut ut error velit enim. Error in ut aliquid veritatis sed id quo est.', 3, '2018-10-31 06:09:49', '2018-10-31 06:09:49'),
(32, 28, 'Benton Metz', 'Repudiandae beatae quaerat veniam at corporis. Expedita tenetur eos et. Ad est consequuntur veniam amet ut.', 2, '2018-10-31 06:09:49', '2018-10-31 06:09:49'),
(33, 8, 'Chloe Raynor', 'Natus esse eligendi explicabo quam ullam molestiae. Et cumque qui aliquam reprehenderit. At est quidem ducimus perspiciatis et doloribus quidem. Quos ipsam id voluptates quos sunt. Et explicabo aliquid itaque dicta iusto.', 2, '2018-10-31 06:09:49', '2018-10-31 06:09:49'),
(34, 11, 'Rupert Bednar', 'Porro ducimus laudantium debitis harum ullam provident commodi. Eos magni suscipit sit voluptatem a voluptatem nihil perferendis. Deserunt cumque vel iusto. Ducimus aliquid cumque nobis cupiditate itaque cum.', 4, '2018-10-31 06:09:49', '2018-10-31 06:09:49'),
(35, 4, 'Antonette Lueilwitz', 'Ad quas et in suscipit dolores laboriosam. A et deleniti omnis vero accusantium harum in. Veritatis pariatur repellat eum culpa voluptatem. Et aspernatur illo vel tempora similique.', 2, '2018-10-31 06:09:49', '2018-10-31 06:09:49'),
(36, 27, 'Loyce Sporer PhD', 'Quia assumenda et consequatur ducimus. Suscipit quasi voluptas sed necessitatibus et at ipsa nostrum. Id odit similique velit temporibus sed. Quia itaque alias iusto vero sit totam sequi.', 1, '2018-10-31 06:09:49', '2018-10-31 06:09:49'),
(37, 43, 'Bessie Rau', 'Non at cumque sit ipsum. Qui est doloremque saepe non. Maxime et perspiciatis aperiam rerum dolorem nihil.', 3, '2018-10-31 06:09:50', '2018-10-31 06:09:50'),
(38, 31, 'Dr. Makenna Glover', 'Excepturi dolores nihil exercitationem id autem. Aspernatur dolore consequatur consectetur ut nam assumenda qui dolores. Ipsam maiores maiores laborum et consequatur.', 4, '2018-10-31 06:09:50', '2018-10-31 06:09:50'),
(39, 11, 'Kadin Cartwright DDS', 'Ea sunt expedita nulla. Nam ipsum quam quisquam occaecati. Id quia et cumque nam laboriosam non. Optio ad quo maiores et iste tenetur alias.', 3, '2018-10-31 06:09:50', '2018-10-31 06:09:50'),
(40, 10, 'Otho Hodkiewicz', 'Hic vero assumenda et nobis. Earum consequatur perferendis culpa atque nostrum architecto. Nulla ratione saepe sapiente eaque delectus.', 1, '2018-10-31 06:09:50', '2018-10-31 06:09:50'),
(41, 26, 'Amanda Haag', 'Et harum sed iusto error aut dolorem et. Excepturi ea ut quia fugiat exercitationem aperiam. Autem suscipit aut culpa eaque optio est.', 4, '2018-10-31 06:09:50', '2018-10-31 06:09:50'),
(42, 44, 'Aubree Goodwin III', 'Laudantium id blanditiis commodi voluptatum quis soluta. A id dolorem vitae ea labore vel vel. Omnis maiores sit saepe architecto voluptate omnis ut libero. Culpa consequatur qui nam sit ea sequi.', 3, '2018-10-31 06:09:50', '2018-10-31 06:09:50'),
(43, 38, 'Noble Ruecker', 'Debitis suscipit quas rerum corporis explicabo commodi. Voluptatem itaque veritatis unde ex natus omnis. Assumenda natus sint alias iure deserunt.', 1, '2018-10-31 06:09:50', '2018-10-31 06:09:50'),
(44, 48, 'Neil Medhurst MD', 'Ut dolores sit vel odio architecto temporibus. Quia autem rerum maiores nisi et unde placeat at. Quis natus in doloremque.', 3, '2018-10-31 06:09:50', '2018-10-31 06:09:50'),
(45, 37, 'Jodie Stamm', 'Nisi et qui eligendi ea aliquam aliquid. Non aut minima impedit asperiores consequatur optio. Et cumque iste eum nulla quod excepturi. Quis reprehenderit alias atque qui. Eaque dolores blanditiis accusamus.', 3, '2018-10-31 06:09:50', '2018-10-31 06:09:50'),
(46, 17, 'Mrs. Eleanora Wyman', 'Architecto sit aut provident magnam eveniet. Modi iusto facilis vero suscipit id.', 2, '2018-10-31 06:09:50', '2018-10-31 06:09:50'),
(47, 11, 'Mr. Vito Sanford IV', 'Voluptate error nemo eos qui et. Autem velit quo nihil minus vel. Corporis consequatur sit non facilis necessitatibus. Id voluptatibus consectetur in nostrum perferendis.', 4, '2018-10-31 06:09:50', '2018-10-31 06:09:50'),
(48, 36, 'Modesta Dach', 'Aspernatur qui laboriosam et magni quia natus. Nemo voluptatem aliquid eveniet odio. Sit quis eos aspernatur maiores dicta. Laudantium aut suscipit deleniti soluta.', 4, '2018-10-31 06:09:50', '2018-10-31 06:09:50'),
(49, 47, 'Kiley Cole', 'Tempora eos aliquid voluptatibus temporibus soluta cumque occaecati id. Quasi totam eius quia quos modi molestiae cumque. Non tenetur blanditiis minima et. Accusantium occaecati minus doloribus dicta architecto sint et.', 5, '2018-10-31 06:09:50', '2018-10-31 06:09:50'),
(50, 3, 'Kiera Rowe', 'Vitae cupiditate minima eius sint velit. Rem enim officia occaecati eos ducimus animi cum porro. Et quam nemo sit et consequatur.', 2, '2018-10-31 06:09:50', '2018-10-31 06:09:50'),
(51, 9, 'Shea Donnelly', 'Dicta perspiciatis enim nam porro. Voluptas et laboriosam sunt modi rem. Blanditiis rerum corporis pariatur aut dignissimos repellendus est. Beatae praesentium eligendi doloremque nihil.', 4, '2018-10-31 06:09:50', '2018-10-31 06:09:50'),
(52, 14, 'Prof. Eldora Rippin V', 'Id velit eum eos praesentium. Cupiditate est rerum sint est voluptatem distinctio.', 5, '2018-10-31 06:09:50', '2018-10-31 06:09:50'),
(53, 24, 'Emma Streich', 'Nihil sunt sapiente rerum. Ea atque blanditiis mollitia maiores ut est. Cumque in animi provident eligendi aut quidem. Soluta aliquam assumenda magnam modi occaecati qui quos.', 2, '2018-10-31 06:09:50', '2018-10-31 06:09:50'),
(54, 35, 'Marcus Batz', 'Dignissimos nihil soluta alias autem enim. Unde distinctio quibusdam ducimus quaerat qui aut labore.', 4, '2018-10-31 06:09:50', '2018-10-31 06:09:50'),
(55, 47, 'Prof. Eldridge Cormier MD', 'Et velit qui quis culpa qui distinctio nesciunt. Soluta qui voluptate occaecati illum consequatur. Quia aut ea et natus.', 4, '2018-10-31 06:09:50', '2018-10-31 06:09:50'),
(56, 9, 'Shany Larkin', 'Vero est culpa rerum doloremque. At magni qui suscipit vel. Ipsam id earum suscipit et eveniet rem consequatur. Delectus qui eum minima enim et error illum.', 0, '2018-10-31 06:09:50', '2018-10-31 06:09:50'),
(57, 43, 'Gerda Dare III', 'Sequi velit repudiandae omnis. Maxime neque sint repellendus perspiciatis quisquam. Ut dolorem illum dicta eos quibusdam.', 1, '2018-10-31 06:09:50', '2018-10-31 06:09:50'),
(58, 11, 'Arch Boyer', 'Iure facilis laborum magni numquam cupiditate neque nulla. Totam vel est voluptate. Illum itaque corrupti odit ex debitis temporibus dolorum. Quos consequatur impedit soluta id fuga veniam.', 5, '2018-10-31 06:09:50', '2018-10-31 06:09:50'),
(59, 4, 'Palma Feeney', 'Autem assumenda cum reiciendis et. Odio fugit ab est perferendis ad debitis dolorem asperiores. Quia aliquid laudantium voluptatem officiis cum quas.', 0, '2018-10-31 06:09:50', '2018-10-31 06:09:50'),
(60, 23, 'Prof. Justine Carter PhD', 'Dignissimos aspernatur voluptatibus id et quia ut. Quo eum sed illo repellat et. Atque voluptatem sed error.', 2, '2018-10-31 06:09:50', '2018-10-31 06:09:50'),
(61, 20, 'Aylin Steuber', 'Tempora velit voluptates error rerum quas neque ullam. Debitis non consequuntur rerum. Fugit ipsa velit earum omnis laboriosam optio laboriosam. Voluptas tempora provident a quia facere voluptatum soluta.', 2, '2018-10-31 06:09:50', '2018-10-31 06:09:50'),
(62, 21, 'Meta Hill', 'Harum nobis asperiores sit esse quasi consequatur reiciendis. Unde quia amet quis. Nostrum dolores sequi quos et nulla corporis nam ratione.', 4, '2018-10-31 06:09:51', '2018-10-31 06:09:51'),
(63, 42, 'Kaylie King', 'Nulla quaerat cum et nemo. Impedit cum accusantium consequuntur blanditiis. Enim et quaerat cumque vero. Natus nihil quia eligendi.', 5, '2018-10-31 06:09:51', '2018-10-31 06:09:51'),
(64, 38, 'Presley Becker', 'Sint eos quibusdam ut. Eum eum fugiat quia est. Sapiente veritatis rerum ab facere velit quaerat.', 0, '2018-10-31 06:09:51', '2018-10-31 06:09:51'),
(65, 13, 'Dolly Carroll', 'Nemo atque occaecati est est quidem voluptas et. Sint officiis quos et qui ut. Debitis et fugit qui eligendi assumenda labore voluptas. Ut sed voluptates quia et sed nemo.', 4, '2018-10-31 06:09:51', '2018-10-31 06:09:51'),
(66, 2, 'Brionna Wunsch MD', 'Sed dignissimos nulla aspernatur ex esse iure incidunt. Quo eum voluptate odit enim. Quo voluptas rerum est non possimus.', 4, '2018-10-31 06:09:51', '2018-10-31 06:09:51'),
(67, 37, 'Nina Bernhard', 'Aut dolorum harum animi nihil aperiam. A vitae aut assumenda et sed maxime. Qui molestiae officia non. Deleniti minus facilis et officiis eum id blanditiis.', 3, '2018-10-31 06:09:51', '2018-10-31 06:09:51'),
(68, 42, 'Jada Tillman', 'Quisquam voluptatibus repudiandae repudiandae autem. Dolore recusandae ea velit vero et. Qui vel iure non ut at. Ea dolores rem iusto facere nulla voluptas omnis. Et sed dolorem id quasi cumque sint.', 1, '2018-10-31 06:09:51', '2018-10-31 06:09:51'),
(69, 10, 'Fae Jakubowski I', 'Nemo nulla hic aut consequatur dolore et. Et qui repellat iste. Aut maiores blanditiis sed.', 3, '2018-10-31 06:09:51', '2018-10-31 06:09:51'),
(70, 45, 'Justice Funk', 'Quia dolorem sunt quisquam. Beatae magnam quaerat veritatis deserunt dolorum est. Sit modi ea eveniet alias et ut. Temporibus voluptas voluptatem aperiam ut aspernatur ea perspiciatis.', 5, '2018-10-31 06:09:51', '2018-10-31 06:09:51'),
(71, 13, 'Jerel Bergstrom', 'Ullam quia voluptatem magnam quam nihil animi. Dignissimos architecto velit rerum fugit at unde. Esse nulla minima qui. Magni et porro ratione unde.', 1, '2018-10-31 06:09:51', '2018-10-31 06:09:51'),
(72, 35, 'Kylee Schowalter', 'Ipsum earum reiciendis iure. Doloribus enim omnis et a minima.', 0, '2018-10-31 06:09:51', '2018-10-31 06:09:51'),
(73, 41, 'Quincy Bradtke', 'Repellendus pariatur sit esse delectus et rem delectus. Quibusdam et labore quaerat et similique est consequuntur. Eos quia velit sit quisquam. Repellendus voluptatibus voluptatem et.', 3, '2018-10-31 06:09:51', '2018-10-31 06:09:51'),
(74, 2, 'Armand Brown', 'Laudantium facere ducimus quis ducimus necessitatibus ratione molestiae. Tenetur a beatae aliquam eum. Qui maxime suscipit dolores fugiat omnis fuga. Sit qui molestias est alias non consequatur laboriosam eaque.', 2, '2018-10-31 06:09:51', '2018-10-31 06:09:51'),
(75, 45, 'Kelly Corwin', 'Et voluptatibus error dolor placeat tempore praesentium voluptas. Alias nihil accusamus ex ut rerum et. Quidem natus aut rerum officia.', 2, '2018-10-31 06:09:51', '2018-10-31 06:09:51'),
(76, 27, 'Erna Bogisich', 'Quos sequi fugiat veniam adipisci et consequatur. Cupiditate vero cupiditate blanditiis enim necessitatibus repellat est. Ducimus dolor earum maxime ea fuga.', 3, '2018-10-31 06:09:51', '2018-10-31 06:09:51'),
(77, 33, 'Verona Hudson', 'Sapiente vel et fuga tenetur nostrum at. Est consectetur placeat maxime voluptatem iusto. Officia molestias nobis est quidem. Harum dolores provident repellat odit voluptas et incidunt.', 2, '2018-10-31 06:09:51', '2018-10-31 06:09:51'),
(78, 31, 'Adolfo Schulist', 'Quaerat sed qui rem reprehenderit. Error accusamus doloribus error rerum. At sint vel ea praesentium totam.', 4, '2018-10-31 06:09:51', '2018-10-31 06:09:51'),
(79, 17, 'Mrs. Janiya Adams Jr.', 'Vero tenetur dolore perferendis voluptatem nemo. Iure atque nihil nesciunt voluptatem est deleniti ut. Harum reprehenderit illo exercitationem. Deserunt earum praesentium provident delectus.', 5, '2018-10-31 06:09:51', '2018-10-31 06:09:51'),
(80, 33, 'Hal Eichmann', 'Deserunt quia laboriosam eum odio. Eveniet aliquid voluptatibus sint illo doloribus quis vero consequatur. Suscipit aliquam non fuga sapiente qui ea. Cum eos cum ea nostrum et dolorem.', 0, '2018-10-31 06:09:51', '2018-10-31 06:09:51'),
(81, 46, 'Kaylee Corkery', 'Mollitia dolor qui voluptatem quidem et fugiat et praesentium. Reiciendis autem neque ut voluptas nisi quia ut.', 0, '2018-10-31 06:09:51', '2018-10-31 06:09:51'),
(82, 2, 'Prof. Angelo White DDS', 'Molestiae id perspiciatis consequatur iste debitis culpa. Sequi ut vel voluptas ex. Qui qui harum explicabo commodi.', 4, '2018-10-31 06:09:51', '2018-10-31 06:09:51'),
(83, 5, 'Mr. Salvatore Conn Sr.', 'Itaque unde laborum rerum nam cumque aspernatur itaque. Dolorem corporis assumenda eos fugit incidunt. Eaque officia omnis ex et perferendis esse. Praesentium voluptatem ipsam rerum reprehenderit.', 1, '2018-10-31 06:09:51', '2018-10-31 06:09:51'),
(84, 43, 'Alexys Bahringer', 'Id corrupti nihil vero et quia inventore. Optio maiores vitae corporis. Reprehenderit blanditiis libero numquam et.', 5, '2018-10-31 06:09:51', '2018-10-31 06:09:51'),
(85, 12, 'Isaiah Rodriguez', 'Quaerat nobis mollitia excepturi commodi. Pariatur omnis non nulla totam hic totam eos quibusdam. Totam laboriosam accusantium molestias beatae ut illo commodi.', 4, '2018-10-31 06:09:51', '2018-10-31 06:09:51'),
(86, 8, 'Prof. Maia Schimmel V', 'Est ex iure consectetur id. Reiciendis assumenda non culpa. Voluptatem odio illum et. Molestiae libero excepturi rerum velit quis fugit.', 0, '2018-10-31 06:09:51', '2018-10-31 06:09:51'),
(87, 9, 'Merle Connelly', 'Commodi ullam id fugit voluptatem voluptates omnis cupiditate. Eum possimus est culpa. Voluptatem et ducimus reprehenderit ad excepturi harum autem.', 0, '2018-10-31 06:09:51', '2018-10-31 06:09:51'),
(88, 30, 'Mathias Monahan', 'Totam consequuntur voluptatibus quo mollitia alias ea illo. Vel quae blanditiis dolores et et voluptatum. Illum voluptas fugit tenetur et ut. Provident quas sed voluptatum nostrum est cupiditate.', 4, '2018-10-31 06:09:51', '2018-10-31 06:09:51'),
(89, 45, 'Erik Wyman', 'Perferendis sit possimus sit occaecati est. In et odio odio atque dolorem. Et sint a ex vel. Quia libero perspiciatis tenetur voluptas eligendi nobis. Et quasi tenetur alias sed ipsam repellat.', 0, '2018-10-31 06:09:52', '2018-10-31 06:09:52'),
(90, 21, 'Florencio Heaney', 'Sed illo deleniti cupiditate autem aut. Voluptatibus eum debitis deserunt maxime ex sint voluptas. Ut animi nihil praesentium. Sit et quia ut est deserunt ut.', 3, '2018-10-31 06:09:52', '2018-10-31 06:09:52'),
(91, 43, 'Miss Ruthie Corwin', 'Nihil placeat fuga est laboriosam odio. Voluptas debitis et fugit et quibusdam quia. Reprehenderit aut minus voluptas expedita fugit repudiandae aut. Accusantium excepturi quidem et omnis ipsam.', 0, '2018-10-31 06:09:52', '2018-10-31 06:09:52'),
(92, 14, 'Gwendolyn Fisher', 'Est quasi quasi dolorem libero. Sit tempora provident aut a. Dolores natus praesentium temporibus nemo. Id dolores qui est est eos vel officiis. Est nostrum autem saepe corrupti id.', 5, '2018-10-31 06:09:52', '2018-10-31 06:09:52'),
(93, 30, 'Bessie Pfeffer', 'Aliquid molestias quidem iure eos dolorem. Illo ab cupiditate suscipit ducimus. Voluptatem ea nam illum aut et.', 1, '2018-10-31 06:09:52', '2018-10-31 06:09:52'),
(94, 38, 'Esteban Wisozk', 'Laboriosam voluptas odio fugiat similique optio sunt. Impedit neque repellendus velit harum. Sed pariatur aut quos optio et expedita aut consectetur.', 5, '2018-10-31 06:09:52', '2018-10-31 06:09:52'),
(95, 43, 'Aiyana Lebsack', 'Aut distinctio eum reprehenderit et. Pariatur et tempore sequi ab voluptas. Voluptas aut qui mollitia quia amet. In et et eum dolorem ut necessitatibus illo.', 2, '2018-10-31 06:09:52', '2018-10-31 06:09:52'),
(96, 50, 'Alisha Stokes', 'Fuga harum non et in voluptate. Ipsa nobis doloribus voluptatem est. Dolorem et non et dicta optio.', 2, '2018-10-31 06:09:52', '2018-10-31 06:09:52'),
(97, 9, 'Jacynthe Buckridge', 'Nobis et non nihil est minima iure. Enim sapiente aut doloremque. Et qui totam quidem qui nemo eos quis. Ullam quidem omnis facere et optio reprehenderit occaecati. Aut sapiente praesentium ratione non aliquid dolor repellendus.', 5, '2018-10-31 06:09:52', '2018-10-31 06:09:52'),
(98, 43, 'Isai Kovacek', 'Quaerat veritatis delectus porro ut. Quia id illo et eius voluptas temporibus. Fuga sequi rem perferendis numquam dicta beatae rem. Animi temporibus possimus cum aspernatur nemo natus.', 3, '2018-10-31 06:09:52', '2018-10-31 06:09:52'),
(99, 36, 'Ellen Reichel', 'Sunt est inventore asperiores accusantium soluta possimus. Voluptatem doloremque ut qui officiis. Aut ut quis architecto.', 3, '2018-10-31 06:09:52', '2018-10-31 06:09:52'),
(100, 36, 'Anais Schultz', 'Ipsam quae aut ut id ea qui. Velit est dolor mollitia deleniti ipsam aut natus. Voluptas ratione velit nesciunt sed quis. Ipsam odit voluptatibus aut dolor.', 3, '2018-10-31 06:09:52', '2018-10-31 06:09:52'),
(101, 32, 'Josefina Hodkiewicz', 'Fugit sint non quaerat. Consequuntur iusto sunt aspernatur voluptatem ad minima quasi. Perspiciatis quasi quas rerum totam.', 5, '2018-10-31 06:09:52', '2018-10-31 06:09:52'),
(102, 20, 'Miss Lilliana McLaughlin Sr.', 'Ipsum velit aut dolores maxime nesciunt. Eveniet error quibusdam voluptatem sunt. Iusto nulla unde consequuntur est sit voluptas necessitatibus.', 3, '2018-10-31 06:09:52', '2018-10-31 06:09:52'),
(103, 32, 'Dr. Effie Moore MD', 'Illum doloribus placeat rem voluptatem perferendis aut. Aut expedita sed repellendus sit ut fugit hic.', 1, '2018-10-31 06:09:52', '2018-10-31 06:09:52'),
(104, 35, 'Clyde Hoppe', 'Ut corporis qui delectus voluptatem saepe omnis. Beatae aut fugiat saepe accusantium exercitationem. Doloremque quis animi tempore enim quo debitis.', 3, '2018-10-31 06:09:52', '2018-10-31 06:09:52'),
(105, 3, 'Vernon Frami III', 'Exercitationem aut voluptatem minus commodi. Sapiente repudiandae tenetur rerum veritatis enim ea nisi recusandae. Eligendi quidem dolor explicabo nostrum expedita.', 1, '2018-10-31 06:09:52', '2018-10-31 06:09:52'),
(106, 1, 'Ms. Willie Baumbach', 'Dolorum occaecati rerum nihil voluptas dolore sequi ut expedita. Dolorum quis officiis labore quod quidem non. Aut fugit enim unde alias quos ex libero consequatur. Voluptates deserunt sint quia at error.', 2, '2018-10-31 06:09:52', '2018-10-31 06:09:52'),
(107, 17, 'German Effertz MD', 'Rerum ut nam et quis non omnis voluptas. Quia maxime ut nam delectus dolores. Dolores fugit aut maxime ad totam dolores nulla non.', 4, '2018-10-31 06:09:52', '2018-10-31 06:09:52'),
(108, 22, 'Katarina Hermiston I', 'Temporibus maxime ex aut ducimus labore quaerat. Sit nulla amet tempora exercitationem. Quia tempore doloribus ut sunt dignissimos aut. Reiciendis ea in facilis aut.', 5, '2018-10-31 06:09:52', '2018-10-31 06:09:52'),
(109, 21, 'Mr. Angus Willms', 'Praesentium ex harum libero magnam. Non officiis voluptates incidunt consectetur eligendi. Quasi quasi iste aut non. Velit est corrupti qui sunt placeat ea.', 2, '2018-10-31 06:09:52', '2018-10-31 06:09:52'),
(110, 35, 'Mr. Louvenia Langosh', 'Consequatur totam est non distinctio voluptatibus autem. Nam molestias consequatur voluptas. Quo et similique ipsam sed dignissimos. Totam voluptatem rerum omnis minima.', 1, '2018-10-31 06:09:52', '2018-10-31 06:09:52'),
(111, 12, 'Ms. Kiarra Emmerich', 'Autem omnis repellendus deleniti dolores. Facilis dolor quidem et aut commodi et voluptas. Earum est non nisi id alias et. Dolor amet et beatae quia eos nihil voluptatum expedita. Aspernatur aut ipsum et repudiandae sapiente enim.', 5, '2018-10-31 06:09:52', '2018-10-31 06:09:52'),
(112, 31, 'Barbara Wehner', 'Deleniti velit cum provident facilis esse quaerat. Quibusdam voluptatibus minus dolor voluptatum. Occaecati ea excepturi adipisci natus quia.', 2, '2018-10-31 06:09:52', '2018-10-31 06:09:52'),
(113, 14, 'Hulda Pagac DVM', 'Error sed modi at minus laborum nesciunt. Esse fuga occaecati dolorem unde. Qui exercitationem porro omnis optio placeat omnis.', 4, '2018-10-31 06:09:52', '2018-10-31 06:09:52'),
(114, 13, 'Kim Nitzsche', 'Voluptatem rerum atque quo hic ratione dolorem sed. Maxime nemo quos ducimus quos est eos. Laudantium quis labore delectus et.', 3, '2018-10-31 06:09:52', '2018-10-31 06:09:52'),
(115, 33, 'Daisy Beer', 'Ullam vitae perspiciatis est quis consectetur excepturi provident vero. Tenetur quibusdam iure in corporis id. Nam vel voluptas dolorum ut. Itaque placeat voluptatem laudantium consequatur quaerat consequatur.', 2, '2018-10-31 06:09:52', '2018-10-31 06:09:52'),
(116, 20, 'Dr. Furman Goyette', 'Enim aliquam similique ea itaque voluptate veritatis. Cupiditate ipsum neque fuga porro qui labore. Ducimus molestiae aspernatur fuga animi quis.', 5, '2018-10-31 06:09:52', '2018-10-31 06:09:52'),
(117, 36, 'Prof. Jorge Marks', 'Deleniti aut unde explicabo eveniet. Sed voluptas adipisci natus doloribus iusto quia. Explicabo soluta incidunt ipsum officiis saepe. Voluptas aut voluptatem dolor aliquid explicabo sed omnis.', 0, '2018-10-31 06:09:52', '2018-10-31 06:09:52'),
(118, 34, 'Dr. Reuben Frami', 'Architecto itaque aut facere nesciunt quae quod eaque. Earum recusandae quia laudantium quo. Voluptatem iste quod illum quos suscipit.', 3, '2018-10-31 06:09:52', '2018-10-31 06:09:52'),
(119, 18, 'Norbert Hansen', 'Cumque unde vel sint id. Aut corrupti labore provident modi. Harum ut fugit ut. Sunt natus nemo ea vero. Ab molestiae nihil sit.', 5, '2018-10-31 06:09:53', '2018-10-31 06:09:53'),
(120, 46, 'Savannah Littel', 'Enim et exercitationem non quasi fugit autem. Suscipit consequatur reiciendis sunt quasi qui. Quas aliquid sed est est nesciunt earum quis. Non inventore ducimus sint nemo.', 1, '2018-10-31 06:09:53', '2018-10-31 06:09:53'),
(121, 11, 'Winnifred Ziemann', 'Ea odit voluptates amet aut ut. Dolore sapiente dignissimos architecto ipsum repellat eligendi ad maiores. Repellat quia consequatur sint ut quia. Quae aut illum sint iure.', 2, '2018-10-31 06:09:53', '2018-10-31 06:09:53'),
(122, 17, 'Gideon Hessel', 'Dolor aut nam minima incidunt. Quod molestias distinctio veniam vel sapiente harum sed ducimus. Ad quo iusto sit doloribus assumenda ut. Soluta at similique porro sint. Ratione porro dolores dignissimos delectus est dolorem.', 2, '2018-10-31 06:09:53', '2018-10-31 06:09:53'),
(123, 26, 'Gussie Olson', 'Nostrum pariatur ipsam repellendus qui. Error vero blanditiis ipsam porro mollitia placeat doloribus numquam. Aut et laborum et dignissimos non dolorum. Vel officia recusandae eius quaerat ad. Voluptatem maiores itaque et dolores.', 4, '2018-10-31 06:09:53', '2018-10-31 06:09:53'),
(124, 3, 'Dedric Lemke', 'Ut ipsa perferendis voluptatem sit. Non enim ut aspernatur. Aut doloremque hic est.', 5, '2018-10-31 06:09:53', '2018-10-31 06:09:53'),
(125, 43, 'Dr. Rosetta Stroman I', 'Et rerum quidem officiis enim aut deserunt. Qui sed nobis voluptas autem sapiente aut adipisci. Qui ut quia aliquid modi debitis odit autem. Suscipit repellat quas non velit.', 3, '2018-10-31 06:09:53', '2018-10-31 06:09:53'),
(126, 29, 'Laila Thompson', 'Impedit voluptatem nobis aut dolores vel ut. Enim recusandae voluptatem libero repudiandae similique qui nisi. Cupiditate cum id commodi est rem. Consequatur repellendus sed consequatur ducimus quidem qui.', 5, '2018-10-31 06:09:53', '2018-10-31 06:09:53'),
(127, 16, 'Cristina Armstrong', 'Quasi non eius voluptatum aut magnam. Nemo quia cum veniam aut rerum voluptatem. Ratione officiis pariatur autem id a.', 4, '2018-10-31 06:09:53', '2018-10-31 06:09:53'),
(128, 2, 'Billy Schulist', 'Ea qui nihil est qui nesciunt quia a praesentium. Quas commodi et nam reprehenderit et reiciendis. Sit magni cum in.', 3, '2018-10-31 06:09:53', '2018-10-31 06:09:53'),
(129, 38, 'Dr. Mervin Bechtelar', 'Nesciunt quia quibusdam consequatur cumque corporis ad commodi. Sit adipisci dolor cumque asperiores. Ut sit alias beatae nisi sit. Accusamus aut et cupiditate at minima nisi.', 0, '2018-10-31 06:09:53', '2018-10-31 06:09:53'),
(130, 7, 'Adella Hermiston', 'Totam saepe in quam libero iste provident doloribus. Molestiae autem consectetur omnis est esse sit assumenda dolores. Voluptatem quod voluptatem voluptatibus rerum enim voluptas est. Sapiente ipsam possimus repellat et.', 5, '2018-10-31 06:09:53', '2018-10-31 06:09:53'),
(131, 23, 'Reagan Bradtke', 'Sit ut dolores illo culpa aspernatur voluptatem dicta. Ut qui explicabo similique vel. Et sequi voluptate corporis nihil dolores.', 0, '2018-10-31 06:09:53', '2018-10-31 06:09:53'),
(132, 9, 'Giovanni Vandervort', 'Reiciendis nesciunt quia officia blanditiis. Voluptatem fugiat odit voluptatum ut sit quasi autem. Voluptatem ut aut ipsum aliquam voluptas itaque dolorem. Quaerat tempora velit fuga explicabo beatae.', 0, '2018-10-31 06:09:53', '2018-10-31 06:09:53'),
(133, 44, 'Junius Paucek DDS', 'Occaecati explicabo sed officia aspernatur sit recusandae neque. Esse corporis consectetur in accusantium aut. Distinctio ea et vel.', 1, '2018-10-31 06:09:53', '2018-10-31 06:09:53'),
(134, 44, 'Diego Hilpert', 'Magnam rerum possimus voluptatem ut. Consequatur officia est libero hic quae quisquam quo. Adipisci exercitationem doloremque omnis maiores nostrum sint non.', 4, '2018-10-31 06:09:53', '2018-10-31 06:09:53'),
(135, 16, 'Valentin D\'Amore', 'Nihil aut odit ut aut quibusdam. Ea quisquam quis aspernatur architecto eos. Numquam aut aspernatur optio praesentium odit iusto. Asperiores facilis qui dolor iusto labore sint.', 3, '2018-10-31 06:09:53', '2018-10-31 06:09:53'),
(136, 6, 'Sydnee Mayer Sr.', 'Voluptatum dolor veniam ut hic dolorem in. Est iure eveniet hic fuga voluptate error quas recusandae. Enim tempore veritatis aliquid eos qui sint. Enim aperiam quam autem est inventore debitis quo ut.', 0, '2018-10-31 06:09:53', '2018-10-31 06:09:53'),
(137, 39, 'Jarrell Berge', 'Placeat nam fugiat eius consequuntur molestiae vero sed. Autem enim possimus eius quaerat saepe odit optio. Beatae nam vitae provident rerum libero. Nihil aliquid tempore neque amet. Asperiores dignissimos voluptatum veniam doloremque dolores nemo.', 2, '2018-10-31 06:09:53', '2018-10-31 06:09:53'),
(138, 43, 'Mckayla Koepp', 'Nostrum ullam ad nostrum impedit veniam. Quam modi libero aut sint molestiae ducimus. Ex a voluptas dolore voluptates.', 0, '2018-10-31 06:09:53', '2018-10-31 06:09:53'),
(139, 41, 'Loma Simonis', 'Molestiae ut animi porro quasi voluptates. Non rerum ex labore nihil quis temporibus a. Autem soluta labore cupiditate omnis pariatur neque qui. Omnis est eum corporis tempora vero.', 4, '2018-10-31 06:09:53', '2018-10-31 06:09:53'),
(140, 10, 'Bridie O\'Keefe I', 'Quos dolor amet fugiat necessitatibus. Aperiam commodi itaque deserunt nulla est laudantium et. Voluptatem autem atque minima ut nihil architecto quia. Et blanditiis beatae aperiam. Qui fugit neque totam.', 2, '2018-10-31 06:09:53', '2018-10-31 06:09:53'),
(141, 8, 'Sterling Hackett', 'Enim voluptatem nobis qui dolores consectetur. Ipsum fuga est distinctio autem. Aut quia incidunt reiciendis cupiditate dignissimos.', 2, '2018-10-31 06:09:53', '2018-10-31 06:09:53'),
(142, 24, 'Johanna Weissnat', 'Eveniet delectus quo illo. Aut rerum quae vel voluptatem sed. Omnis dolor ipsum reiciendis corporis veritatis ex dolor velit.', 2, '2018-10-31 06:09:53', '2018-10-31 06:09:53'),
(143, 42, 'Omari Lang', 'Sapiente alias hic totam placeat est sit ad. Assumenda consectetur qui sit dolor sit qui. Expedita necessitatibus magnam aut voluptatem. Quaerat praesentium ex dolorem odio.', 5, '2018-10-31 06:09:53', '2018-10-31 06:09:53'),
(144, 18, 'Adrien Vandervort', 'Qui nesciunt at rerum qui. Vel est laboriosam non et iure. Sapiente sequi at quod at iure modi cupiditate dolor. Dolorem omnis quod perspiciatis non. Dicta et dolores similique corporis perspiciatis.', 5, '2018-10-31 06:09:53', '2018-10-31 06:09:53'),
(145, 29, 'Gaylord Beer', 'Vero veritatis iusto sequi. Et laudantium cumque autem commodi nam architecto non. Sed officiis magni officia doloribus laborum.', 4, '2018-10-31 06:09:53', '2018-10-31 06:09:53'),
(146, 49, 'Prof. Ted Konopelski V', 'Quia odio voluptas quam minus. Dolor cumque quisquam possimus harum. Id eos dignissimos ipsum minus.', 5, '2018-10-31 06:09:53', '2018-10-31 06:09:53'),
(147, 12, 'Mr. Tyrese Hahn', 'Autem praesentium quaerat aut est voluptatem. Recusandae fuga ut dolorem quibusdam officia.', 3, '2018-10-31 06:09:53', '2018-10-31 06:09:53'),
(148, 28, 'Nannie Paucek', 'Sunt rem aut sit et ut illum incidunt. Illo consectetur quaerat ut minima. Possimus ullam omnis amet maiores dolores quia consequuntur qui. Adipisci ducimus vel laborum commodi distinctio dolorum.', 5, '2018-10-31 06:09:54', '2018-10-31 06:09:54'),
(149, 1, 'Prof. Elise Cormier', 'Laborum et id harum. Labore enim dicta quisquam. Eveniet perferendis enim sed omnis non atque voluptatem.', 1, '2018-10-31 06:09:54', '2018-10-31 06:09:54'),
(150, 22, 'Leif Hoeger I', 'Voluptas neque sit voluptatum voluptatem consequatur repudiandae autem unde. Doloremque iure fugit ducimus eum similique. Accusamus consequatur impedit id.', 1, '2018-10-31 06:09:54', '2018-10-31 06:09:54'),
(151, 32, 'Fidel Corwin', 'Debitis voluptatem cumque et enim odit. Repudiandae qui est quia quia velit. Dolorem sit sint quibusdam voluptates tenetur ratione. Impedit excepturi est aut nihil est.', 5, '2018-10-31 06:09:54', '2018-10-31 06:09:54'),
(152, 35, 'Maria Gerhold', 'Eius voluptatem aperiam reiciendis vel voluptatum. Id dolorum rem in sunt est eum. Et est in error est autem ducimus. Dolores quia beatae veritatis illo.', 3, '2018-10-31 06:09:54', '2018-10-31 06:09:54'),
(153, 7, 'Mr. Arturo Schmidt', 'Dicta ut porro velit velit placeat. Quia architecto veritatis et ratione omnis. Et saepe voluptatem voluptatem qui. Est eius sunt fugiat atque facere dignissimos. Ut dolor nobis expedita amet.', 1, '2018-10-31 06:09:54', '2018-10-31 06:09:54'),
(154, 45, 'Destini Bogan', 'Aut hic culpa aliquam cumque doloribus sequi incidunt iusto. Nesciunt nulla sed voluptatem facere provident consequuntur ipsam. Ducimus non iste quasi et. Impedit nihil voluptatem rerum dignissimos.', 5, '2018-10-31 06:09:54', '2018-10-31 06:09:54'),
(155, 45, 'Hassan Haag', 'Dolore ducimus atque et dolores est iusto. Asperiores quis occaecati similique quis consectetur.', 4, '2018-10-31 06:09:54', '2018-10-31 06:09:54'),
(156, 16, 'Tressa Glover PhD', 'Consequatur amet nulla qui est consequatur magni. Sit quidem debitis recusandae est expedita ea tenetur. Aspernatur ab maxime error maxime ut.', 2, '2018-10-31 06:09:54', '2018-10-31 06:09:54'),
(157, 27, 'Mr. Travis Strosin II', 'Omnis voluptas sequi eos perspiciatis. Voluptatem eum asperiores enim. Voluptate iusto debitis sit vel iste consequatur quas. Consequatur esse et ut dolores eligendi et doloremque id.', 0, '2018-10-31 06:09:54', '2018-10-31 06:09:54'),
(158, 20, 'Prof. Reid O\'Connell', 'Similique cupiditate quas eum ea explicabo. Sunt eum voluptatem doloribus voluptate. Dolore ut iusto voluptatem saepe odio asperiores. Voluptatum ullam culpa molestiae beatae.', 3, '2018-10-31 06:09:54', '2018-10-31 06:09:54'),
(159, 44, 'Mr. Liam Fisher Jr.', 'Soluta rerum laboriosam similique vel reiciendis nihil libero quis. Cumque est ea delectus. Velit maxime labore non impedit est tempora ullam. Ipsam consequatur soluta sit. Et voluptatem autem ut possimus voluptates quis.', 4, '2018-10-31 06:09:54', '2018-10-31 06:09:54'),
(160, 18, 'Adella Waters', 'Accusamus neque aliquam dolor quia. Dolores distinctio laudantium soluta recusandae quisquam deserunt corrupti. Iste autem qui totam sit sed. Doloribus sint dicta ex quidem quis distinctio. Et dolores tempore laboriosam in eaque nesciunt est ipsam.', 3, '2018-10-31 06:09:54', '2018-10-31 06:09:54'),
(161, 31, 'Kenya Kautzer', 'Dolor consequuntur architecto est itaque quidem. Qui accusantium pariatur et quos unde. Exercitationem nisi dolores sed earum rem veritatis dignissimos.', 2, '2018-10-31 06:09:54', '2018-10-31 06:09:54'),
(162, 15, 'Neal Waelchi MD', 'Sed natus at commodi quasi consequatur. Ipsum aliquam dolor repellat iusto omnis. Quibusdam qui quo laboriosam consequuntur ad dolores.', 5, '2018-10-31 06:09:54', '2018-10-31 06:09:54'),
(163, 22, 'Mr. Casimer Hayes', 'Unde qui ipsa et sint aut non ab. Aut eius provident ut vitae saepe. Aut voluptatem sequi rerum modi quo. Delectus est id ut quia nihil aut. Eaque voluptatum consequuntur itaque.', 5, '2018-10-31 06:09:54', '2018-10-31 06:09:54'),
(164, 4, 'Dr. Tamara Dare DVM', 'Dolores et minima ut repudiandae. Eius omnis neque sed iusto sit dolorem. Et voluptas rerum rerum dolorem.', 4, '2018-10-31 06:09:54', '2018-10-31 06:09:54'),
(165, 25, 'Julia Reynolds', 'Corporis ipsa eligendi iste quia voluptates sapiente quis. Veniam exercitationem nihil tempora et explicabo perferendis. Voluptas quis accusantium et repudiandae qui ratione. Repellendus sed eos perferendis pariatur placeat molestiae architecto.', 2, '2018-10-31 06:09:54', '2018-10-31 06:09:54'),
(166, 31, 'Liana Feil', 'Dolore provident dolorum ullam dolorum delectus. Reiciendis quaerat eum cum magnam asperiores. Illo quia numquam sint ab aut. Et consequatur ipsam et deserunt illum tempore.', 5, '2018-10-31 06:09:54', '2018-10-31 06:09:54'),
(167, 30, 'Tina Parisian', 'Vitae laborum veniam sapiente consequatur ratione. Autem quam ipsum corporis. Suscipit provident iure debitis quasi in et necessitatibus qui.', 4, '2018-10-31 06:09:54', '2018-10-31 06:09:54'),
(168, 49, 'Ms. Creola Nader', 'Praesentium quaerat qui eaque. Itaque dolores ut velit eum consequatur reprehenderit. Neque quis fugiat saepe dolorem veniam. Eum labore debitis illum non. Ut quo ea nisi aliquid sed non.', 5, '2018-10-31 06:09:54', '2018-10-31 06:09:54'),
(169, 45, 'Breanna Harris', 'Rerum molestiae necessitatibus eos ipsam tenetur nulla molestias. Culpa consequatur in excepturi atque temporibus. Quo vitae nulla sunt. Corporis rerum quasi amet qui fugit recusandae voluptate.', 2, '2018-10-31 06:09:54', '2018-10-31 06:09:54'),
(170, 7, 'Luella Hirthe', 'Dolorem saepe itaque est veniam quasi aut. Minus nostrum qui quia. Dolorum dicta eaque quas nisi. Veritatis consequatur incidunt qui et sint.', 3, '2018-10-31 06:09:54', '2018-10-31 06:09:54'),
(171, 40, 'Daphnee Robel', 'Odit officia aspernatur corporis modi temporibus exercitationem. Quaerat aut sed eligendi officiis sit perspiciatis. Omnis molestiae ducimus vitae at sapiente.', 5, '2018-10-31 06:09:54', '2018-10-31 06:09:54'),
(172, 19, 'Charley Von', 'Laudantium nihil officiis provident aut tenetur. Enim corrupti occaecati debitis et doloribus. Voluptate iusto dignissimos beatae distinctio recusandae excepturi officia suscipit.', 2, '2018-10-31 06:09:54', '2018-10-31 06:09:54'),
(173, 36, 'Dahlia Spencer', 'Corporis et est voluptatem est laborum. Nemo vel suscipit similique quis et. Voluptate itaque quas autem pariatur soluta aperiam adipisci.', 2, '2018-10-31 06:09:55', '2018-10-31 06:09:55'),
(174, 22, 'Coby Parker', 'Voluptatibus delectus eos vel pariatur quisquam. Voluptatem quia id aut dolore natus mollitia. Aperiam aliquam illo alias explicabo quia est quisquam.', 3, '2018-10-31 06:09:55', '2018-10-31 06:09:55'),
(175, 19, 'Dolly Hegmann', 'Eaque sit sit aut cum assumenda. Nam autem voluptatem quibusdam autem. Aliquid molestiae nam possimus labore nostrum.', 1, '2018-10-31 06:09:55', '2018-10-31 06:09:55'),
(176, 28, 'Mrs. Dovie Gibson', 'Sit incidunt quas repellendus necessitatibus impedit eos et. Rerum maiores non ut vero iure aut quos hic. Cumque in adipisci earum voluptatum sint delectus.', 4, '2018-10-31 06:09:55', '2018-10-31 06:09:55'),
(177, 50, 'Miss Cara Wisozk', 'Aut id pariatur dolor harum delectus amet ipsam. Qui molestiae aut nesciunt reprehenderit. Aut voluptatem exercitationem aliquid illo.', 4, '2018-10-31 06:09:55', '2018-10-31 06:09:55'),
(178, 23, 'Brice Barrows', 'Nihil repellendus et aut et molestiae. Quia atque et veritatis iusto. Corporis nam ea sit doloribus.', 5, '2018-10-31 06:09:55', '2018-10-31 06:09:55'),
(179, 9, 'Ines White', 'Est enim cupiditate ipsa placeat. Et quisquam odit molestias sed molestiae. Fugit quibusdam placeat fugiat et sit aut molestiae qui. Aut quidem pariatur qui quia omnis.', 3, '2018-10-31 06:09:55', '2018-10-31 06:09:55'),
(180, 47, 'Arvel Doyle', 'Quia non at consectetur unde autem maxime. Vero voluptatem aut nisi quam beatae non. Quisquam reprehenderit ipsum sapiente inventore tempore. Ut dicta et ut dolorem quis sed. Sed sit quas ratione a sit non nam.', 4, '2018-10-31 06:09:55', '2018-10-31 06:09:55'),
(181, 32, 'Vernon Torphy', 'Illum et illum officiis. Dolor tenetur sit accusantium voluptatem quisquam. Consectetur amet et voluptatibus.', 4, '2018-10-31 06:09:55', '2018-10-31 06:09:55'),
(182, 5, 'Bulah Champlin', 'Assumenda quia id exercitationem vero. Dolores ut quae beatae incidunt nihil et quis. Quo illo quidem ex atque in perferendis non. Nostrum dolores omnis impedit voluptas iusto distinctio.', 0, '2018-10-31 06:09:55', '2018-10-31 06:09:55'),
(183, 38, 'Jackson Hammes', 'Omnis sint omnis nemo eius. Et laudantium consequatur possimus dolore. Excepturi est sed laudantium et accusantium ea deleniti.', 3, '2018-10-31 06:09:55', '2018-10-31 06:09:55'),
(184, 40, 'Telly Lockman PhD', 'Vel ut similique fuga eius perspiciatis. Velit id in dolorem molestiae sequi veniam voluptas ipsa. Aut aut quis aliquam iste et id aperiam. Velit facere vel ipsum ut earum voluptatum laborum. Consectetur non qui aliquid est esse officia.', 1, '2018-10-31 06:09:55', '2018-10-31 06:09:55'),
(185, 14, 'Prof. Bradford Cronin II', 'Omnis atque sed qui quo. Accusamus quam ut qui. Laboriosam at ad quaerat dignissimos asperiores ipsa. At beatae rerum odit quo non quibusdam. Quae et accusamus iure ut placeat culpa.', 2, '2018-10-31 06:09:55', '2018-10-31 06:09:55'),
(186, 41, 'Mr. Adalberto Effertz', 'Occaecati in deleniti sunt numquam. Vel neque amet optio commodi quia tempora laboriosam eum. Blanditiis eum vero magni iusto. Velit numquam incidunt iusto facere magni iste.', 2, '2018-10-31 06:09:55', '2018-10-31 06:09:55'),
(187, 40, 'Nayeli McDermott', 'Nihil ut eos maiores non animi consequatur. Occaecati ea aliquam et voluptates aperiam eius natus quisquam. Aut quasi aut illum ad corrupti consequuntur. Laboriosam soluta vel est nemo asperiores non in.', 1, '2018-10-31 06:09:55', '2018-10-31 06:09:55'),
(188, 6, 'Dr. Christy Murazik MD', 'Aperiam aut porro amet rerum illum. Voluptates sed eum corrupti totam ipsum ad possimus. Eos in molestiae sed ad est.', 0, '2018-10-31 06:09:55', '2018-10-31 06:09:55'),
(189, 24, 'Maverick Crist', 'Beatae beatae voluptatem et est voluptatem sapiente. Et et neque voluptas ipsam. Eum dolorem aliquid ut. Quia sed voluptas nobis eum fuga.', 4, '2018-10-31 06:09:55', '2018-10-31 06:09:55'),
(190, 32, 'Mack Greenholt III', 'Praesentium voluptates eum placeat quia laboriosam harum ullam repellendus. Voluptatum quas sed quo labore iure consequatur. Aut veniam enim qui aut expedita.', 1, '2018-10-31 06:09:55', '2018-10-31 06:09:55'),
(191, 17, 'Ms. Pattie Langosh Sr.', 'Iure voluptatem nemo dolores sint aut qui pariatur nobis. Ipsum et molestiae consequatur quas illum est nisi. Vel nostrum aliquam voluptatum aut.', 4, '2018-10-31 06:09:55', '2018-10-31 06:09:55'),
(192, 11, 'Bud Abernathy', 'Non est blanditiis inventore modi enim est perspiciatis nobis. Occaecati enim odit sit molestiae sit. Quia occaecati maxime voluptatum facilis dolorem enim unde eveniet. Aut maxime deleniti totam.', 0, '2018-10-31 06:09:55', '2018-10-31 06:09:55'),
(193, 33, 'Valentin Aufderhar V', 'Architecto doloremque est quos temporibus quidem illo. Iste ducimus laboriosam tenetur consequatur alias eum. Sit impedit pariatur vel ut est quo.', 2, '2018-10-31 06:09:55', '2018-10-31 06:09:55'),
(194, 19, 'Dr. Lucienne Cartwright', 'Sit itaque cupiditate delectus necessitatibus. Id quos reprehenderit ducimus eveniet. Ea aspernatur ipsam eius. Dolor excepturi culpa sed laborum.', 5, '2018-10-31 06:09:55', '2018-10-31 06:09:55'),
(195, 8, 'Wyman Mertz', 'Et nihil dolor itaque distinctio reprehenderit officia. Dolore laborum repellat fugiat modi sed soluta. Rem expedita voluptas sit neque labore ipsam. Aliquam commodi voluptas et labore.', 0, '2018-10-31 06:09:55', '2018-10-31 06:09:55'),
(196, 2, 'Prof. Dewayne Block I', 'Ratione non sed nesciunt officiis. Sint est ea sit porro vel nesciunt. Placeat cupiditate voluptas eum fuga inventore fugiat aut. Maiores quasi eaque ab nobis voluptatem perferendis.', 1, '2018-10-31 06:09:55', '2018-10-31 06:09:55'),
(197, 28, 'Coleman Hettinger', 'Id fuga temporibus cum natus. Tenetur sed ullam iure neque adipisci. Inventore repudiandae et corporis sapiente expedita vero ad molestiae. Illum in est sequi recusandae ducimus dicta natus.', 5, '2018-10-31 06:09:55', '2018-10-31 06:09:55'),
(198, 14, 'Diego Rath IV', 'Molestiae reprehenderit voluptas vel quia in in aut. Placeat totam labore est labore omnis. Aut id impedit nam quia quisquam. Et necessitatibus sit error tenetur expedita libero ratione sed.', 2, '2018-10-31 06:09:55', '2018-10-31 06:09:55'),
(199, 45, 'Torey Bahringer', 'Aspernatur placeat magnam ducimus. Inventore quam deserunt sit aut dolore.', 3, '2018-10-31 06:09:55', '2018-10-31 06:09:55'),
(200, 10, 'Prof. Nikko Durgan DDS', 'Distinctio adipisci et voluptas quia ipsam. Quo molestias fugit rerum qui voluptates. Doloremque voluptatem inventore voluptates vel facilis natus.', 4, '2018-10-31 06:09:55', '2018-10-31 06:09:55'),
(201, 9, 'Dr. Shannon Bradtke', 'Deleniti excepturi voluptatem corporis aperiam. Vel consequatur eaque occaecati quo dignissimos culpa voluptatem. Quia id deleniti id et rerum excepturi. Nihil rerum non officia et quibusdam laudantium.', 1, '2018-10-31 06:09:55', '2018-10-31 06:09:55'),
(202, 13, 'Terrell Jakubowski', 'Praesentium consectetur vero sed totam nisi. Quidem animi rerum expedita voluptatem recusandae cupiditate aliquid. Nihil ab voluptas odio veritatis ut officia. Corporis voluptatem impedit sed aut. Deserunt eaque architecto quam reprehenderit.', 4, '2018-10-31 06:09:55', '2018-10-31 06:09:55'),
(203, 32, 'Adaline Koss', 'Sed ex aut autem cupiditate occaecati nam deleniti. Ipsam iusto fuga fuga et non. Pariatur porro quia in vitae incidunt.', 0, '2018-10-31 06:09:56', '2018-10-31 06:09:56'),
(204, 21, 'Rubie Kertzmann', 'Animi et aut nihil. Id aut expedita alias quasi itaque occaecati. Ullam iusto et est voluptas et. Impedit ut consectetur error natus.', 4, '2018-10-31 06:09:56', '2018-10-31 06:09:56'),
(205, 24, 'Prof. Hadley Friesen PhD', 'Quo et fuga voluptas omnis sit odit. Qui maxime quam et tempore perferendis unde quo reiciendis. Cupiditate velit quod est ad amet atque fugit incidunt. Quod ipsam nostrum magnam laborum possimus corporis incidunt.', 0, '2018-10-31 06:09:56', '2018-10-31 06:09:56'),
(206, 17, 'Garth Nolan II', 'Voluptate quo voluptate eos ut. Et omnis perferendis eos. Vero necessitatibus reprehenderit nulla et. Et accusantium qui assumenda vel molestiae est. Excepturi omnis voluptatibus aut veniam labore tenetur nemo.', 1, '2018-10-31 06:09:56', '2018-10-31 06:09:56'),
(207, 44, 'Toby Parisian', 'Quis eos odio enim quos omnis odio neque voluptas. Quidem sit saepe corrupti autem neque eaque. Sed inventore sunt eveniet blanditiis. Dolores accusantium vitae animi commodi fuga. In laborum modi beatae repellat omnis dolor.', 3, '2018-10-31 06:09:56', '2018-10-31 06:09:56'),
(208, 16, 'Dr. Eryn Gutkowski IV', 'Quibusdam iure quisquam nemo quia. Qui ea illum nihil veniam. Fugit recusandae repudiandae corporis culpa magnam. Et non non accusantium.', 3, '2018-10-31 06:09:56', '2018-10-31 06:09:56');
INSERT INTO `reviews` (`id`, `product_id`, `customer`, `review`, `star`, `created_at`, `updated_at`) VALUES
(209, 50, 'Nakia Gerlach', 'Praesentium tenetur quo sit soluta dolorum. Voluptas odio nam quis aut cum est eaque ut. Quidem sed quas aspernatur reprehenderit magni. Beatae accusantium dicta corrupti quidem necessitatibus aut nam.', 2, '2018-10-31 06:09:56', '2018-10-31 06:09:56'),
(210, 35, 'Rolando Kertzmann', 'Pariatur vero et commodi qui est earum. Cum beatae omnis est praesentium architecto. Et molestiae autem expedita quidem error assumenda quaerat officia.', 4, '2018-10-31 06:09:56', '2018-10-31 06:09:56'),
(211, 50, 'Karina Farrell', 'Ut veritatis cupiditate ut omnis dolor. Maxime quas dolorum labore quos quo. Qui animi iusto consequatur sunt odio deserunt. Vel accusamus aut est natus. Ipsum illum officiis et placeat quo ut.', 5, '2018-10-31 06:09:56', '2018-10-31 06:09:56'),
(212, 47, 'America Cole', 'Numquam quis occaecati et enim. Nisi nobis sint nihil veritatis autem eum commodi. Et placeat ut nobis quasi.', 1, '2018-10-31 06:09:56', '2018-10-31 06:09:56'),
(213, 16, 'Dr. Audra Mante MD', 'Architecto ab commodi rerum est rem dolorum eos numquam. Autem sed ullam ipsum explicabo molestiae quas illum.', 4, '2018-10-31 06:09:56', '2018-10-31 06:09:56'),
(214, 26, 'Florian Hoppe', 'Officia aut impedit ad. Necessitatibus nemo deserunt quam omnis. Odit harum ut voluptatem ad.', 1, '2018-10-31 06:09:56', '2018-10-31 06:09:56'),
(215, 13, 'Sven Erdman', 'Necessitatibus sequi natus occaecati ex ipsum aliquam et corrupti. Cum recusandae sed possimus ipsum animi quis praesentium. Aut quia eos eum inventore repellat omnis. Rerum est eligendi eligendi. Ut animi ea dolore necessitatibus.', 2, '2018-10-31 06:09:56', '2018-10-31 06:09:56'),
(216, 18, 'Arnoldo Grant', 'Quis tempora impedit ipsam voluptate ut odit quo. Quasi aut est quibusdam qui et tempore. Dolorum id sit est quas ratione sed.', 2, '2018-10-31 06:09:56', '2018-10-31 06:09:56'),
(217, 23, 'Loyal Heathcote', 'Blanditiis incidunt inventore in numquam sed. Veniam tempore ipsum sapiente porro aut quo voluptatem.', 3, '2018-10-31 06:09:56', '2018-10-31 06:09:56'),
(218, 22, 'Prof. Wellington Ritchie', 'Enim nisi possimus perspiciatis aut molestiae et atque. Laborum esse pariatur voluptatem ipsum. Sapiente officia error error esse ratione. Magnam ipsum adipisci et.', 0, '2018-10-31 06:09:56', '2018-10-31 06:09:56'),
(219, 45, 'Prof. Paula O\'Conner', 'Est nisi dignissimos voluptate est. Enim harum sapiente quod ut. Delectus sit maxime voluptas voluptate nulla et.', 3, '2018-10-31 06:09:56', '2018-10-31 06:09:56'),
(220, 21, 'Ayla Sawayn', 'Maxime consequatur sed ipsam eos. Illo doloremque dolore id expedita. Sed dolores amet ratione et.', 0, '2018-10-31 06:09:56', '2018-10-31 06:09:56'),
(221, 23, 'Dustin Koelpin', 'Rerum quia aut quia dolorem. Voluptatem facere nisi rerum et ratione. Odit occaecati vitae quis officiis sit ratione vitae. Quia earum sint consectetur a.', 0, '2018-10-31 06:09:56', '2018-10-31 06:09:56'),
(222, 44, 'Theresia Marquardt DDS', 'Perferendis vitae eaque nam accusantium non commodi. Qui dignissimos ipsum in et praesentium dolores sint reiciendis. Consequatur ratione incidunt recusandae dolorem non. Illum vitae est temporibus et.', 5, '2018-10-31 06:09:56', '2018-10-31 06:09:56'),
(223, 49, 'Delaney Jones', 'Debitis dolorem et eius ducimus. Quisquam veniam eum ut explicabo. Harum neque esse quis quas.', 5, '2018-10-31 06:09:56', '2018-10-31 06:09:56'),
(224, 41, 'Prof. Efrain Abernathy', 'Hic similique optio molestiae. Reprehenderit rem impedit minima est. Ut molestiae recusandae quis nobis.', 4, '2018-10-31 06:09:56', '2018-10-31 06:09:56'),
(225, 26, 'Emmitt Grimes', 'Dolores ut eligendi debitis. Quam ut culpa repudiandae et saepe accusantium. Et iusto repudiandae dolorem repudiandae dignissimos nisi saepe. Saepe laudantium eum vel.', 5, '2018-10-31 06:09:56', '2018-10-31 06:09:56'),
(226, 37, 'Magdalena Jacobi III', 'Vitae sint aut occaecati ipsum vel. Magnam nihil ut et fuga. Nihil quisquam repellat temporibus ut voluptatem delectus.', 1, '2018-10-31 06:09:56', '2018-10-31 06:09:56'),
(227, 34, 'Josianne Muller', 'Corporis ut voluptatibus incidunt ut. Harum et enim aut minus voluptatibus id molestiae. Qui aspernatur placeat labore vitae. Minima qui ipsum animi mollitia.', 1, '2018-10-31 06:09:56', '2018-10-31 06:09:56'),
(228, 13, 'Jayde Beatty', 'Suscipit repellendus cupiditate voluptas voluptatibus est. Assumenda suscipit qui id architecto dolores et nisi. Necessitatibus quis ea cum occaecati sit.', 5, '2018-10-31 06:09:56', '2018-10-31 06:09:56'),
(229, 48, 'Prof. Linda Marks', 'Aut non explicabo impedit fuga quo. Omnis consequatur quae laboriosam reprehenderit et quisquam dolores. Voluptatem ullam ipsum illum nihil dolor hic.', 2, '2018-10-31 06:09:56', '2018-10-31 06:09:56'),
(230, 9, 'Vidal Kautzer I', 'Est nesciunt alias et omnis excepturi. Assumenda ut sit impedit et et adipisci. Laboriosam ducimus ut consequuntur enim et iste quia a. Id necessitatibus quas atque et deserunt ipsum similique.', 5, '2018-10-31 06:09:56', '2018-10-31 06:09:56'),
(231, 20, 'Michaela Grady I', 'Harum consequuntur nihil modi enim. A aspernatur perspiciatis est vel eaque aspernatur nihil aliquam.', 3, '2018-10-31 06:09:56', '2018-10-31 06:09:56'),
(232, 19, 'Mr. Barry Schinner', 'Et adipisci magni minima non. Ea quidem repudiandae soluta voluptas qui.', 2, '2018-10-31 06:09:57', '2018-10-31 06:09:57'),
(233, 43, 'Kyla Cole Sr.', 'Velit iusto hic repellat aut debitis tempore numquam suscipit. Sed enim vero perferendis sed modi enim asperiores beatae. Quis ullam aut sed. Rerum ut ullam explicabo ad expedita itaque. Sapiente fugit rerum quaerat architecto voluptatem harum dolorum.', 2, '2018-10-31 06:09:57', '2018-10-31 06:09:57'),
(234, 2, 'Hilbert Beahan', 'Atque quis nam dolore in maiores facilis. Expedita ut ea aut ea quia. Fugiat nihil impedit quaerat voluptas minima esse tempore. Molestiae necessitatibus consequuntur amet perspiciatis qui architecto.', 1, '2018-10-31 06:09:57', '2018-10-31 06:09:57'),
(235, 46, 'Marcella Kovacek MD', 'Nulla atque architecto quod consectetur. Non neque soluta expedita et earum. Non aut qui voluptas hic rerum. Ex delectus id tempore incidunt adipisci.', 0, '2018-10-31 06:09:57', '2018-10-31 06:09:57'),
(236, 16, 'Ms. Kariane Osinski', 'Molestiae placeat nam ducimus rerum mollitia. Laboriosam et magnam blanditiis ullam quia sequi odio. Aperiam itaque id eos accusantium aliquam suscipit nulla. Laudantium ad nesciunt incidunt voluptas sint.', 5, '2018-10-31 06:09:57', '2018-10-31 06:09:57'),
(237, 5, 'Myriam Skiles', 'Non blanditiis et hic minus repudiandae sapiente. Necessitatibus unde voluptatem ratione ut quos voluptates. Expedita necessitatibus eius recusandae corrupti atque ratione unde. Fugiat assumenda voluptatem magnam perspiciatis suscipit maxime.', 1, '2018-10-31 06:09:57', '2018-10-31 06:09:57'),
(238, 36, 'Dallas Ruecker', 'Molestiae fuga quos animi laudantium possimus dolores. Rerum ipsam sint enim. Vitae nihil asperiores nisi sint corrupti delectus labore.', 0, '2018-10-31 06:09:57', '2018-10-31 06:09:57'),
(239, 27, 'Glenda Beahan', 'Magni iste nemo fugit ex reiciendis harum dicta est. Ut tempore aperiam qui itaque. Delectus eos est quaerat provident fugit.', 2, '2018-10-31 06:09:57', '2018-10-31 06:09:57'),
(240, 44, 'Wilber Pollich', 'Natus exercitationem nisi quis quia ex ex minus. Aut impedit totam veniam non aut doloribus. Voluptas nisi iste nobis quia sunt. Minima et veritatis reprehenderit sequi.', 2, '2018-10-31 06:09:57', '2018-10-31 06:09:57'),
(241, 16, 'Kallie Hand III', 'Sit officiis fugiat magni. Eos magnam deleniti cumque rerum consequuntur dolores.', 0, '2018-10-31 06:09:57', '2018-10-31 06:09:57'),
(242, 35, 'Clinton Carter', 'Deserunt illum dolor incidunt provident maiores quis perspiciatis aliquam. Omnis exercitationem reiciendis accusamus temporibus recusandae consequuntur. Deleniti adipisci non accusamus aut omnis ut. Deserunt voluptate ipsam aut facilis id dignissimos odit.', 4, '2018-10-31 06:09:57', '2018-10-31 06:09:57'),
(243, 29, 'Armando Larson', 'Consectetur nihil animi qui eos veritatis. Nihil a consequatur et est sit corporis.', 5, '2018-10-31 06:09:57', '2018-10-31 06:09:57'),
(244, 31, 'Grover Heathcote', 'Voluptates voluptates dolore debitis corporis incidunt. Et recusandae mollitia voluptas nihil id dolor. Eaque vel maiores atque voluptas.', 1, '2018-10-31 06:09:57', '2018-10-31 06:09:57'),
(245, 8, 'Dr. Macey Grimes V', 'Labore nisi et saepe ducimus fugit tempora. Earum non nobis et non et pariatur fugiat. Voluptas et sit aspernatur ea similique veniam. Hic et quibusdam possimus velit a.', 2, '2018-10-31 06:09:57', '2018-10-31 06:09:57'),
(246, 32, 'Lonnie Stokes', 'Distinctio dicta quas est error qui minus dolore. Sed quibusdam eos consequatur. Dolore sapiente inventore quo est quia et. Quidem quod iure minima delectus. Reiciendis et quaerat aut repellat eaque aut occaecati.', 3, '2018-10-31 06:09:57', '2018-10-31 06:09:57'),
(247, 7, 'Prof. Eulah Emard MD', 'Illum minus earum culpa dolores repellat eos numquam. Et at repellendus est. Neque quod qui quisquam sed minima minima necessitatibus ea. Quod dolorum porro at consequatur eos.', 4, '2018-10-31 06:09:57', '2018-10-31 06:09:57'),
(248, 41, 'Tamara Nolan', 'Qui ducimus dignissimos corrupti tempora rem exercitationem rem. Iste voluptatem molestiae debitis repellendus. Perferendis fugit harum tempore explicabo odio tempore. Omnis hic laudantium enim explicabo odio modi quaerat aut.', 4, '2018-10-31 06:09:57', '2018-10-31 06:09:57'),
(249, 18, 'Immanuel Runolfsdottir DVM', 'Laborum nihil itaque temporibus velit et non. Pariatur provident debitis excepturi placeat. Ipsam deserunt quo sed.', 5, '2018-10-31 06:09:57', '2018-10-31 06:09:57'),
(250, 17, 'Helga Fadel Sr.', 'Officia commodi est in dolorem quia placeat incidunt voluptate. Sequi amet ad voluptatem reiciendis et rerum aliquam. Quaerat libero reprehenderit tenetur dolores repudiandae enim. Tenetur consequuntur quo sunt aspernatur ea explicabo ullam.', 3, '2018-10-31 06:09:57', '2018-10-31 06:09:57'),
(251, 11, 'Mrs. Leatha Rowe', 'Eum saepe quas minima sit deserunt sit. Ut quia velit debitis natus odit. Saepe voluptatem praesentium at repellat.', 0, '2018-10-31 06:09:57', '2018-10-31 06:09:57'),
(252, 26, 'Keven Gleichner', 'Ut non molestiae eius et eum. Nemo vel assumenda repudiandae et ut. Accusantium in quam sed voluptates maiores.', 4, '2018-10-31 06:09:57', '2018-10-31 06:09:57'),
(253, 50, 'Dena Abshire', 'Soluta qui eos et iste vero. Accusantium inventore illum eveniet deserunt rem et. Ex provident ullam enim qui laborum.', 5, '2018-10-31 06:09:57', '2018-10-31 06:09:57'),
(254, 21, 'Lori Bergstrom DDS', 'Cupiditate quidem aut id aliquid voluptatem incidunt. Aut omnis totam corporis quia iste. Eveniet et velit quia exercitationem voluptas consequatur dignissimos provident. Nobis in et distinctio molestiae voluptatum.', 1, '2018-10-31 06:09:57', '2018-10-31 06:09:57'),
(255, 11, 'Julie Frami', 'Qui quas voluptatem et quaerat dolorem commodi. Itaque illo voluptas expedita repudiandae sit fugiat non. Dignissimos eos necessitatibus earum ea ipsa aut. Rerum repudiandae velit magni incidunt occaecati totam.', 3, '2018-10-31 06:09:57', '2018-10-31 06:09:57'),
(256, 23, 'Dr. Joannie Emmerich', 'Ut quae mollitia ducimus quia et. Aut soluta quo qui et adipisci enim soluta. Deleniti id exercitationem atque accusamus aspernatur in.', 5, '2018-10-31 06:09:57', '2018-10-31 06:09:57'),
(257, 14, 'Prof. Evelyn Dicki', 'Quis et culpa porro ex. Omnis veniam eligendi aliquam qui. Aut nulla dicta amet architecto assumenda. Porro velit fugit magnam non maxime sunt. Repellat quos perspiciatis est velit dolor nulla aut.', 0, '2018-10-31 06:09:57', '2018-10-31 06:09:57'),
(258, 9, 'Lance Dare', 'Dolorem necessitatibus omnis ut repudiandae. Et harum quasi eligendi laboriosam. Rem quod eveniet quod ut omnis. Dolorem voluptatem inventore qui praesentium non.', 1, '2018-10-31 06:09:57', '2018-10-31 06:09:57'),
(259, 7, 'Lorenz Stokes DDS', 'Aut ducimus in nostrum facilis omnis aut eveniet et. Atque doloribus enim dolorum tempore ab ab. Vero enim nihil unde voluptatem voluptates perspiciatis explicabo tenetur. Minus aut aut quia velit inventore vel non.', 4, '2018-10-31 06:09:57', '2018-10-31 06:09:57'),
(260, 25, 'Julius O\'Connell', 'Officia deleniti ab illo fuga est ipsam quia consequatur. At aspernatur totam ea. Ut sunt delectus sunt est. Vero et repudiandae quae adipisci animi nulla. Dolorem dolor illo in ducimus quia voluptatem vel.', 2, '2018-10-31 06:09:57', '2018-10-31 06:09:57'),
(261, 4, 'Kay Dare III', 'Est quis dolorum et voluptatem quasi et culpa. Magnam et omnis amet soluta omnis molestiae expedita. Non voluptas et nesciunt aut officia deleniti minus. Dolor ut nisi ut est in et.', 4, '2018-10-31 06:09:57', '2018-10-31 06:09:57'),
(262, 12, 'Mr. Samir Schiller', 'Vel necessitatibus incidunt et suscipit error voluptatem sint rerum. Magni porro quos voluptatem adipisci accusamus. Ut eveniet occaecati iure iste hic animi blanditiis. Possimus consequatur nulla aspernatur consequatur consequatur quidem quo.', 4, '2018-10-31 06:09:58', '2018-10-31 06:09:58'),
(263, 45, 'Dorcas McCullough', 'Consequatur dolores corrupti qui aut. Pariatur ipsa tempora qui eveniet. Quod et voluptates quaerat exercitationem autem perspiciatis nihil. Eos excepturi quia veniam in aut necessitatibus quos. Quisquam quam magni voluptas omnis dolores alias.', 5, '2018-10-31 06:09:58', '2018-10-31 06:09:58'),
(264, 8, 'Vinnie Renner', 'Ipsa quisquam adipisci sunt adipisci adipisci et. Modi tempore et nulla possimus. Modi exercitationem ut nobis est ut unde est. Qui debitis voluptas ratione sunt id. Quia harum nihil vel est ut reprehenderit.', 1, '2018-10-31 06:09:58', '2018-10-31 06:09:58'),
(265, 21, 'Luisa Windler', 'Sint consequatur ut culpa consectetur et. Quis error eaque veritatis inventore voluptatem. Eveniet earum est aut. Earum qui amet enim voluptatum. Sunt deleniti voluptas exercitationem.', 1, '2018-10-31 06:09:58', '2018-10-31 06:09:58'),
(266, 34, 'Miss Margarete Carroll Sr.', 'Repudiandae commodi occaecati ea excepturi nemo aut ut provident. Mollitia molestias eum quos molestiae.', 5, '2018-10-31 06:09:58', '2018-10-31 06:09:58'),
(267, 4, 'Mr. Dylan Williamson', 'Sed aut ut itaque suscipit et eius eum. Facere aut placeat ipsam quia et.', 0, '2018-10-31 06:09:58', '2018-10-31 06:09:58'),
(268, 5, 'Alexys Beier', 'Ut quidem at dolorum quae. Rem molestias sunt totam odit. Molestias quia vero nostrum laboriosam. Optio voluptatem et quos aut veritatis.', 2, '2018-10-31 06:09:58', '2018-10-31 06:09:58'),
(269, 3, 'Felicita Stracke', 'Facilis molestias rerum sint. Quia aut et nemo consectetur dolores voluptas sed. Incidunt cumque voluptatibus in qui maiores officiis consectetur. Qui incidunt et pariatur incidunt aliquam eos et.', 3, '2018-10-31 06:09:58', '2018-10-31 06:09:58'),
(270, 37, 'Yazmin Schaden', 'Fuga provident aut atque vel atque ut facere. Reprehenderit reprehenderit molestiae aut cum atque aut.', 3, '2018-10-31 06:09:58', '2018-10-31 06:09:58'),
(271, 16, 'Trystan Prohaska', 'Placeat totam quidem aliquam laboriosam sint. Quibusdam laboriosam numquam ipsa sed. Fugiat eligendi et quasi ad est. Consectetur occaecati qui sit.', 3, '2018-10-31 06:09:58', '2018-10-31 06:09:58'),
(272, 37, 'Diana Purdy', 'Quia tempore expedita consectetur sit. Commodi qui odio placeat facere eum. Deleniti rerum ipsum totam sunt aut magni velit.', 3, '2018-10-31 06:09:58', '2018-10-31 06:09:58'),
(273, 43, 'Riley Kuvalis Sr.', 'Vero ullam quod labore est magnam. Ut accusamus voluptates laborum quibusdam repudiandae ut. Sit non dolorem sit perferendis deleniti quo fugiat. Omnis fuga et ut id ea quia harum.', 1, '2018-10-31 06:09:58', '2018-10-31 06:09:58'),
(274, 29, 'Kade Paucek', 'Et neque vel minima nisi voluptatum dolores ut. Dolorem quibusdam praesentium nihil deleniti. Aut ut explicabo nostrum quia quia. Sint et officiis excepturi quo repellat. Ex culpa dolorum ea.', 2, '2018-10-31 06:09:58', '2018-10-31 06:09:58'),
(275, 22, 'Merlin Schmitt', 'Quod architecto consectetur blanditiis dicta debitis tempora optio velit. Eos ullam molestiae sequi. Aut enim voluptatum deleniti quod a.', 2, '2018-10-31 06:09:58', '2018-10-31 06:09:58'),
(276, 11, 'Julie Wyman', 'Natus occaecati ea repudiandae eaque veniam eaque. Tempore omnis impedit enim quia voluptas dolorum.', 4, '2018-10-31 06:09:58', '2018-10-31 06:09:58'),
(277, 26, 'Jalen Jacobs PhD', 'Vitae deserunt aut molestiae. Accusantium voluptatem ab eaque sit. Non inventore nesciunt fugit quis harum aut rerum.', 5, '2018-10-31 06:09:58', '2018-10-31 06:09:58'),
(278, 27, 'Annette Toy PhD', 'Deserunt non ut numquam ut culpa non deserunt eum. Natus similique non qui ut. Dolorum animi vel et alias. Error sunt fugiat laudantium sed dolore ut earum.', 5, '2018-10-31 06:09:58', '2018-10-31 06:09:58'),
(279, 50, 'Genevieve Wilderman', 'Blanditiis autem suscipit animi expedita ut excepturi voluptatem. Et facere quas aut ducimus qui consequuntur accusantium. Quia delectus sit cupiditate sit nesciunt nesciunt.', 1, '2018-10-31 06:09:58', '2018-10-31 06:09:58'),
(280, 31, 'Miss Ana Jacobs', 'Repudiandae in itaque atque sed nobis fugiat non et. Fuga ut soluta modi. Facilis accusantium explicabo qui expedita.', 4, '2018-10-31 06:09:58', '2018-10-31 06:09:58'),
(281, 19, 'Prof. Liam Quigley', 'Reiciendis veniam dolor autem reprehenderit ratione. Labore nisi facilis qui recusandae nostrum sed. Aut beatae hic reiciendis quia magnam non.', 3, '2018-10-31 06:09:58', '2018-10-31 06:09:58'),
(282, 29, 'Marlee Hane', 'Distinctio laudantium in et omnis blanditiis aut tenetur. Rerum amet non fugit deleniti ipsum delectus autem. Quas in et occaecati dolorem laborum at sunt.', 5, '2018-10-31 06:09:58', '2018-10-31 06:09:58'),
(283, 50, 'Miss Kiara Parisian', 'Ullam pariatur odio aliquam omnis dolorum perspiciatis exercitationem. Omnis iste eos omnis ut. Omnis debitis porro est. A beatae iusto accusamus aut hic. Veritatis ipsum neque ad distinctio pariatur amet quidem.', 3, '2018-10-31 06:09:58', '2018-10-31 06:09:58'),
(284, 49, 'Walker McCullough', 'Assumenda qui tempora vero et sed dicta. Amet quaerat aut beatae possimus. Sequi magnam labore ea id.', 5, '2018-10-31 06:09:58', '2018-10-31 06:09:58'),
(285, 39, 'Ms. Penelope O\'Connell', 'Quia aut pariatur dolore eos. Ipsam delectus hic et. Vel sunt ipsa ut sunt.', 4, '2018-10-31 06:09:58', '2018-10-31 06:09:58'),
(286, 3, 'Prof. Lou Johnson', 'Sit ut nam ab ullam accusantium sapiente nisi. Ea vel et corporis ipsum aperiam aut. Iusto reiciendis aspernatur vitae similique ad.', 3, '2018-10-31 06:09:58', '2018-10-31 06:09:58'),
(287, 6, 'Hadley Hartmann DVM', 'Iusto asperiores nobis corrupti et ad nulla laborum. Modi et alias tempore adipisci. Accusantium laborum quam dolores voluptas et voluptatem dolor.', 3, '2018-10-31 06:09:58', '2018-10-31 06:09:58'),
(288, 9, 'Conner McKenzie MD', 'Ratione sed at velit qui nobis iste. Dolor sit nobis quo blanditiis molestias dolor quas. Amet consequatur magnam unde natus voluptatibus cupiditate beatae.', 5, '2018-10-31 06:09:58', '2018-10-31 06:09:58'),
(289, 45, 'Prof. Frederic Bartell', 'Est recusandae amet inventore voluptatibus. Id alias ipsum delectus officiis quis. Amet quo consequatur quasi illo tenetur cumque.', 4, '2018-10-31 06:09:59', '2018-10-31 06:09:59'),
(290, 17, 'Kurtis Kunze', 'Enim omnis fuga error aut debitis. Quasi ab ipsum nihil tempore ad. Explicabo excepturi consequuntur fugit. In vitae ex sapiente magni inventore deleniti consequatur.', 3, '2018-10-31 06:09:59', '2018-10-31 06:09:59'),
(291, 25, 'Ms. Jude Williamson II', 'Assumenda est eos enim tenetur numquam necessitatibus beatae. Saepe facilis sed aut voluptas. Ullam eveniet qui ea.', 1, '2018-10-31 06:09:59', '2018-10-31 06:09:59'),
(292, 26, 'Mrs. Elda Howell I', 'Nam adipisci corporis saepe veniam. Error ut autem optio quos officia. Ea harum quos consequuntur et impedit.', 5, '2018-10-31 06:09:59', '2018-10-31 06:09:59'),
(293, 20, 'Mr. Danny Bartoletti', 'Quas aliquam ex consequuntur eligendi. Animi a eos nihil soluta nostrum reiciendis. Est eligendi sunt aliquam veniam nobis voluptatibus dicta.', 0, '2018-10-31 06:09:59', '2018-10-31 06:09:59'),
(294, 4, 'Skylar Hodkiewicz', 'Voluptatum eos sint vitae dignissimos sed. Corporis velit cumque eveniet aut. Quidem non quas ipsum animi consequatur minus. Ab odio laboriosam qui aut harum labore optio.', 2, '2018-10-31 06:09:59', '2018-10-31 06:09:59'),
(295, 34, 'Mustafa Wuckert', 'Dignissimos quis deleniti et porro est. Rerum ipsa quod sunt et ex repudiandae. Quo sed nesciunt est.', 1, '2018-10-31 06:09:59', '2018-10-31 06:09:59'),
(296, 24, 'Mr. Donavon King', 'Rerum tempore quaerat ut aut cum maxime. Est voluptatem quia voluptas. Ad sit labore voluptatem expedita assumenda.', 3, '2018-10-31 06:09:59', '2018-10-31 06:09:59'),
(297, 28, 'Mrs. Iliana Bauch V', 'Pariatur est aut quasi. Iure eveniet ut pariatur est. Nobis sed dolores doloribus. Officia officiis dolorum minus tenetur doloremque fuga neque.', 0, '2018-10-31 06:09:59', '2018-10-31 06:09:59'),
(298, 45, 'Geovanny Wisozk', 'Voluptatem delectus ut consequatur est sint rerum officiis. Inventore adipisci perspiciatis quis voluptatibus eveniet est. Deleniti aut numquam similique nulla.', 4, '2018-10-31 06:09:59', '2018-10-31 06:09:59'),
(299, 30, 'Dr. Deshawn Jakubowski I', 'Officiis placeat sed laborum voluptatem non dicta. Enim adipisci maiores dolorem modi.', 2, '2018-10-31 06:09:59', '2018-10-31 06:09:59'),
(300, 39, 'Amari Leuschke', 'Quisquam recusandae dicta consequatur similique. Tenetur vel dicta fuga. Voluptatibus ad et fugit inventore.', 1, '2018-10-31 06:09:59', '2018-10-31 06:09:59');

-- --------------------------------------------------------

--
-- Table structure for table `users`
--

CREATE TABLE `users` (
  `id` int(10) UNSIGNED NOT NULL,
  `name` varchar(191) COLLATE utf8mb4_unicode_ci NOT NULL,
  `email` varchar(191) COLLATE utf8mb4_unicode_ci NOT NULL,
  `password` varchar(191) COLLATE utf8mb4_unicode_ci NOT NULL,
  `remember_token` varchar(100) COLLATE utf8mb4_unicode_ci DEFAULT NULL,
  `created_at` timestamp NULL DEFAULT NULL,
  `updated_at` timestamp NULL DEFAULT NULL
) ENGINE=InnoDB DEFAULT CHARSET=utf8mb4 COLLATE=utf8mb4_unicode_ci;

--
-- Indexes for dumped tables
--

--
-- Indexes for table `migrations`
--
ALTER TABLE `migrations`
  ADD PRIMARY KEY (`id`);

--
-- Indexes for table `password_resets`
--
ALTER TABLE `password_resets`
  ADD KEY `password_resets_email_index` (`email`);

--
-- Indexes for table `products`
--
ALTER TABLE `products`
  ADD PRIMARY KEY (`id`);

--
-- Indexes for table `reviews`
--
ALTER TABLE `reviews`
  ADD PRIMARY KEY (`id`),
  ADD KEY `reviews_product_id_index` (`product_id`);

--
-- Indexes for table `users`
--
ALTER TABLE `users`
  ADD PRIMARY KEY (`id`),
  ADD UNIQUE KEY `users_email_unique` (`email`);

--
-- AUTO_INCREMENT for dumped tables
--

--
-- AUTO_INCREMENT for table `migrations`
--
ALTER TABLE `migrations`
  MODIFY `id` int(10) UNSIGNED NOT NULL AUTO_INCREMENT, AUTO_INCREMENT=5;

--
-- AUTO_INCREMENT for table `products`
--
ALTER TABLE `products`
  MODIFY `id` int(10) UNSIGNED NOT NULL AUTO_INCREMENT, AUTO_INCREMENT=51;

--
-- AUTO_INCREMENT for table `reviews`
--
ALTER TABLE `reviews`
  MODIFY `id` int(10) UNSIGNED NOT NULL AUTO_INCREMENT, AUTO_INCREMENT=301;

--
-- AUTO_INCREMENT for table `users`
--
ALTER TABLE `users`
  MODIFY `id` int(10) UNSIGNED NOT NULL AUTO_INCREMENT;

--
-- Constraints for dumped tables
--

--
-- Constraints for table `reviews`
--
ALTER TABLE `reviews`
  ADD CONSTRAINT `reviews_product_id_foreign` FOREIGN KEY (`product_id`) REFERENCES `products` (`id`) ON DELETE CASCADE;
COMMIT;

/*!40101 SET CHARACTER_SET_CLIENT=@OLD_CHARACTER_SET_CLIENT */;
/*!40101 SET CHARACTER_SET_RESULTS=@OLD_CHARACTER_SET_RESULTS */;
/*!40101 SET COLLATION_CONNECTION=@OLD_COLLATION_CONNECTION */;
